-- phpMyAdmin SQL Dump
-- version 4.7.4
-- https://www.phpmyadmin.net/
--
-- Host: 127.0.0.1
-- Generation Time: Mar 07, 2020 at 09:08 AM
-- Server version: 10.1.30-MariaDB
-- PHP Version: 7.0.27

SET SQL_MODE = "NO_AUTO_VALUE_ON_ZERO";
SET AUTOCOMMIT = 0;
START TRANSACTION;
SET time_zone = "+00:00";


/*!40101 SET @OLD_CHARACTER_SET_CLIENT=@@CHARACTER_SET_CLIENT */;
/*!40101 SET @OLD_CHARACTER_SET_RESULTS=@@CHARACTER_SET_RESULTS */;
/*!40101 SET @OLD_COLLATION_CONNECTION=@@COLLATION_CONNECTION */;
/*!40101 SET NAMES utf8mb4 */;

--
-- Database: `pos_ponsel`
--

-- --------------------------------------------------------

--
-- Table structure for table `migrations`
--

CREATE TABLE `migrations` (
  `id` int(10) UNSIGNED NOT NULL,
  `migration` varchar(255) COLLATE utf8mb4_unicode_ci NOT NULL,
  `batch` int(11) NOT NULL
) ENGINE=InnoDB DEFAULT CHARSET=utf8mb4 COLLATE=utf8mb4_unicode_ci;

-- --------------------------------------------------------

--
-- Table structure for table `ref_barang`
--

CREATE TABLE `ref_barang` (
  `id` int(10) NOT NULL,
  `kode_barcode` varchar(30) COLLATE utf8mb4_unicode_ci NOT NULL,
  `nama_barang` varchar(255) COLLATE utf8mb4_unicode_ci NOT NULL,
  `kategori_id` tinyint(4) NOT NULL,
  `harga_beli` double NOT NULL,
  `harga_jual` double NOT NULL,
  `harga_jual_minimum` double NOT NULL,
  `stok` int(11) NOT NULL,
  `created_at` timestamp NULL DEFAULT NULL,
  `updated_at` timestamp NULL DEFAULT NULL
) ENGINE=InnoDB DEFAULT CHARSET=utf8mb4 COLLATE=utf8mb4_unicode_ci;

--
-- Dumping data for table `ref_barang`
--

INSERT INTO `ref_barang` (`id`, `kode_barcode`, `nama_barang`, `kategori_id`, `harga_beli`, `harga_jual`, `harga_jual_minimum`, `stok`, `created_at`, `updated_at`) VALUES
(1, 'AX1.5GB', 'Axis 1.5GB', 1, 10630, 15000, 15000, 237, '2020-02-27 14:08:49', '2020-03-07 05:00:32'),
(2, 'AX3GB', 'Axis 3GB', 1, 18980, 25000, 25000, 224, '2020-02-27 16:22:23', '2020-03-07 05:01:00'),
(3, '6944284638754', 'OPPO A5S', 10, 1710000, 1900000, 1760000, 4, '2020-02-27 16:26:36', '2020-03-06 23:33:49'),
(4, '6944284639928', 'OPPO A1K', 10, 1440000, 1600000, 1500000, 0, '2020-02-27 16:27:34', '2020-03-07 05:26:24'),
(5, '6944284655515', 'OPPO A31', 10, 2340000, 2600000, 2390000, 6, '2020-02-27 16:29:31', '2020-03-01 06:43:03'),
(6, 'AX5gb', 'axis 5gb', 1, 25000, 30000, 30000, 67, '2020-02-27 20:27:16', '2020-03-07 05:02:43'),
(7, 'Ax8gb', 'Axis 8gb', 1, 37280, 45000, 45000, 206, '2020-02-27 20:28:24', '2020-03-07 05:03:23'),
(8, 'Ax12gb', 'Axis12gb', 1, 48400, 55000, 55000, 143, '2020-02-27 20:29:20', '2020-03-07 05:34:03'),
(9, 'V.AX1,5M', 'VOUCER DATA AXIS 1,5M', 24, 7490, 10000, 10000, 100, '2020-02-27 20:35:42', '2020-03-07 06:33:23'),
(10, 'V.AX3M', 'VOUCER AXIS 3M', 24, 14220, 19000, 19000, 125, '2020-02-27 20:37:49', '2020-03-07 05:31:17'),
(11, 'V.AX5M', 'VOUCER AXIS 5M', 24, 18750, 24000, 24000, 33, '2020-02-27 21:10:53', '2020-03-07 05:24:49'),
(12, 'V.AX8M', 'VOUCER DATA AXIS 8M', 24, 29000, 35000, 35000, 39, '2020-02-27 21:13:56', '2020-03-07 05:24:09'),
(13, 'V.AX1,5', 'VOUCER DATA AXIS 1,5GB', 24, 12500, 15000, 15000, 136, '2020-02-27 21:21:39', '2020-03-07 05:28:29'),
(14, 'V.AX3GB', 'VOUCER AXIS 3GB', 24, 21950, 27000, 27000, 153, '2020-02-27 21:22:59', '2020-03-07 05:29:38'),
(15, 'V.AX5GB', 'VOUCER DATA AXIS 5GB', 24, 27700, 33000, 33000, 135, '2020-02-27 21:23:58', '2020-03-07 05:26:10'),
(16, 'V.AX8GB', 'VOUCER DATA AXIS 8GB', 24, 41000, 47000, 47000, 15, '2020-02-27 21:27:11', '2020-03-07 05:29:09'),
(17, 'V.AX12GB', 'VOUCER DATA AXIS 12GB', 24, 55880, 60000, 60000, 58, '2020-02-27 21:28:21', '2020-03-07 05:22:22'),
(18, 'TSEL7GB', 'TELKOMEL 7GB FLASH', 1, 38000, 45000, 45000, 34, '2020-02-27 21:49:39', '2020-03-07 05:06:43'),
(19, 'TSEL8GB', 'TELKOMSEL 8GB FLASH', 1, 53000, 65000, 60000, 82, '2020-02-27 21:50:31', '2020-03-07 05:08:10'),
(20, 'TSEL15GB', 'TELKOMSEL 15 GB FLASH', 1, 73000, 85000, 80000, 14, '2020-02-27 21:51:35', '2020-03-01 05:40:44'),
(21, 'V.TSEL1,5', 'VOUCER TELKOMSEL 1,5', 24, 10000, 12000, 12000, 45, '2020-02-27 21:52:41', '2020-03-07 05:35:01'),
(22, 'V.TSEL2GB', 'VOUCER DATA TELKOMSEL 2GB', 24, 15000, 17000, 17000, 43, '2020-02-27 21:53:30', '2020-03-07 05:35:45'),
(23, 'SM3,5GB', 'SMARTFREND 3,5GB', 1, 16500, 20000, 20000, 63, '2020-02-27 22:01:35', '2020-03-07 06:04:20'),
(24, 'SM5GB', 'SMARTFREND 5GB', 1, 12500, 17000, 17000, 88, '2020-02-27 22:02:36', '2020-03-07 06:04:20'),
(25, 'SM10GB', 'SMARFREND 10GB', 1, 27000, 35000, 35000, 56, '2020-02-27 22:03:45', '2020-03-07 04:45:36'),
(26, 'SM16GB', 'SMARFREND 16GB', 1, 36500, 45000, 45000, 114, '2020-02-27 22:04:34', '2020-03-07 04:51:50'),
(27, 'SM30GB', 'SMARTFREND', 1, 56000, 65000, 65000, 19, '2020-02-27 22:05:46', '2020-03-07 04:46:55'),
(28, 'SMUNL', 'UNLIMITED SM', 1, 71000, 75000, 75000, 92, '2020-02-27 22:06:55', '2020-03-07 04:54:59'),
(29, 'V.SM4GB', 'VOUCER SM 4GB', 24, 9550, 15000, 15000, 15, '2020-02-27 22:08:21', '2020-03-07 05:42:34'),
(30, 'V.SM10GB', 'VOUCER SM 10GB', 24, 26500, 35000, 35000, 40, '2020-02-27 22:09:15', '2020-03-07 05:16:49'),
(31, 'V.SM16GB', 'VOUCER SM 16GB', 24, 36000, 45000, 45000, 28, '2020-02-27 22:10:05', '2020-03-07 05:17:49'),
(32, 'V.UNL', 'VOUCER UNL SM', 24, 71000, 75000, 75000, 59, '2020-02-27 22:11:01', '2020-03-07 04:32:41'),
(33, 'UNL.SMLITE', 'UNLIMITED LITE', 1, 48000, 55000, 55000, 38, '2020-02-27 22:12:48', '2020-03-07 04:36:51'),
(34, 'SM2GB', 'SMARTFREND 2GB', 1, 8700, 12000, 12000, 20, '2020-02-27 22:13:50', '2020-02-27 22:13:50'),
(35, 'XL4,5GB', 'KARTU XL 4,5GB', 1, 29000, 35000, 35000, 50, '2020-02-27 22:18:22', '2020-02-27 22:18:22'),
(36, 'XL2GB', 'KARTU XL 2GB', 1, 16000, 20000, 20000, 10, '2020-02-27 22:19:16', '2020-02-27 22:19:16'),
(37, 'XL15GB', 'KARTU XL 15GB', 1, 61500, 65000, 65000, 10, '2020-02-27 22:20:05', '2020-02-27 22:20:05'),
(38, 'XL8GB', 'KARTU XL8GB', 1, 39000, 45000, 45000, 50, '2020-02-27 22:21:09', '2020-02-27 22:21:09'),
(39, 'IMUNL2GB', 'IM3 UNL 2GB', 1, 12000, 18000, 18000, 20, '2020-02-27 22:24:08', '2020-02-27 22:24:08'),
(40, 'IM4GB', 'IM3 4GB', 1, 18500, 25000, 25000, 50, '2020-02-27 22:25:28', '2020-02-27 22:26:28'),
(41, 'IM6GB', 'IM3 6GB', 1, 25000, 35000, 35000, 50, '2020-02-27 22:26:03', '2020-02-27 22:26:03'),
(42, 'IM8,5GB', 'IM3 8,5GB', 1, 34000, 45000, 45000, 50, '2020-02-27 22:27:35', '2020-02-27 22:27:35'),
(43, 'IM10GB', 'IM3 10GB', 1, 45000, 55000, 55000, 50, '2020-02-27 22:31:48', '2020-02-27 22:31:48'),
(44, 'IM20GB', 'IM3 20GB', 1, 50000, 60000, 60000, 10, '2020-02-27 22:32:21', '2020-02-27 22:32:21'),
(45, 'IMUNL3', 'UNLIMITED IM3 3GB', 1, 60000, 65000, 65000, 10, '2020-02-27 22:33:29', '2020-02-27 22:33:29'),
(46, 'IMUNL7GB', 'UNLIMITED IM3 7GB', 1, 80000, 85000, 85000, 10, '2020-02-27 22:43:14', '2020-02-27 22:43:14'),
(47, '6944284648050', 'Oppo A5 Ram 4/128', 10, 2520, 2800000, 2570, 2, '2020-02-28 18:53:18', '2020-02-28 18:53:18'),
(48, '6944284648395', 'Oppo A92O20', 10, 3330000, 3700000, 3380000, 1, '2020-02-28 18:54:40', '2020-02-28 18:54:40'),
(49, '6971914085381', 'Realme 5pro', 10, 2520000, 2800000, 2570000, 2, '2020-02-28 18:57:15', '2020-02-28 18:57:15'),
(50, '860941041129903', 'xiomi note7 4/64', 10, 2000000, 2100000, 2050000, 2, '2020-02-28 18:58:40', '2020-02-28 18:58:40'),
(51, '23684/19VA03587', 'Xiomi 7a 2/16', 10, 1150000, 1300000, 1200000, 2, '2020-02-28 19:00:34', '2020-02-28 19:00:34'),
(52, '8806090022975', 'samsung A10s 2/32', 10, 1550000, 1700000, 1600000, 7, '2020-02-28 19:01:56', '2020-02-28 19:01:56'),
(53, '8801643853174', 'samsung a20 3/32', 10, 1900000, 2000000, 1950000, 2, '2020-02-28 19:03:04', '2020-02-28 19:03:04'),
(54, '6935117813783', 'Vivo y91c', 10, 1390000, 1500000, 1430000, 10, '2020-02-28 19:04:37', '2020-03-07 01:43:57'),
(55, '869757044871171', 'Vivo y12 3/32', 10, 1620000, 1800000, 1670000, 9, '2020-02-28 19:05:39', '2020-03-06 23:35:10'),
(56, '864447048082034X2', 'Vivo y17 4/128', 10, 2160000, 2400000, 2210000, 2, '2020-02-28 19:07:34', '2020-03-06 23:35:35'),
(57, '864011045823996X2', 'Vivo s1pro', 10, 3330000, 3700000, 3380000, 1, '2020-02-28 19:08:44', '2020-02-28 19:08:44'),
(58, '866066047146877', 'Realme c2 2/32', 10, 1287000, 1400000, 1350000, 1, '2020-02-28 19:10:43', '2020-02-28 19:10:43'),
(59, '868383049467559', 'Realme c2 3/32', 10, 1470000, 1600000, 1550000, 9, '2020-02-28 19:11:54', '2020-02-28 19:11:54'),
(60, '6970558070104', 'Tc laolaxs lh-03', 4, 82000, 120000, 100000, 1, '2020-02-28 19:33:26', '2020-02-28 19:33:26'),
(61, '6970558071620', 'TC LAOLAXS LH-013', 4, 57500, 85000, 75000, 9, '2020-02-28 19:35:34', '2020-02-28 19:35:34'),
(62, '6970558070012', 'TC LAOLAXS LH-02', 4, 69000, 95000, 85000, 9, '2020-02-28 19:36:57', '2020-03-02 01:14:12'),
(63, '6970558070135', 'TC LAOLEXS LH-04', 4, 75000, 105000, 95000, 6, '2020-02-28 19:41:52', '2020-03-02 01:13:33'),
(64, '6970558070197', 'TC LAOLEXS LH-011', 4, 124000, 140000, 130000, 1, '2020-02-28 19:43:41', '2020-02-28 19:43:41'),
(65, '6970558070180', 'TC LAOLEXS LH-010', 4, 139000, 160000, 150000, 5, '2020-02-28 19:44:40', '2020-02-28 19:44:40'),
(66, '6970558070173', 'TC LAOLEXS LH-09', 4, 94000, 125000, 115000, 2, '2020-02-28 19:45:45', '2020-02-28 19:45:45'),
(67, '6970558070111', 'TC LAOLEXS LH-06', 4, 85000, 120000, 110000, 5, '2020-02-28 19:46:38', '2020-03-02 01:13:55'),
(68, 'C01-051000', 'TC ADVANCE AC01', 4, 26000, 35000, 30000, 5, '2020-02-28 19:49:11', '2020-02-28 19:49:11'),
(69, '6920053802113', 'TC VIVO ORI DJ', 4, 65000, 85000, 80000, 24, '2020-02-28 19:52:11', '2020-02-28 19:52:11'),
(70, 'SMI9500YTO', 'TC VIVO ORI IM', 4, 65000, 85000, 80000, 11, '2020-02-28 19:54:15', '2020-02-29 00:47:39'),
(71, '2017122615379', 'TC XIDOL 2A7', 4, 42000, 65000, 55000, 24, '2020-02-28 20:02:35', '2020-02-28 20:02:35'),
(72, '2018110422290', 'TC XIDOL 2,4 IM', 4, 22000, 45000, 40000, 16, '2020-02-29 00:49:47', '2020-02-29 00:49:47'),
(73, '2018112813348', 'KABEL DATA XIDOL+STAND', 6, 22000, 45000, 35000, 15, '2020-02-29 00:51:22', '2020-02-29 00:51:22'),
(74, '6991797746032', 'TC VODA RT-603', 4, 25000, 40000, 35000, 5, '2020-02-29 01:01:22', '2020-02-29 01:01:22'),
(75, '619659136697', 'TC XIDOL 1A', 4, 27000, 45000, 40000, 2, '2020-02-29 01:02:32', '2020-02-29 01:02:32'),
(76, '8806071740836', 'TC SAMSUNG BS', 4, 16000, 35000, 30000, 4, '2020-02-29 01:08:47', '2020-03-01 01:46:04'),
(77, 'GH39-01800A', 'TC SAMSUNG ORI', 4, 55000, 85000, 75000, 15, '2020-02-29 01:11:17', '2020-02-29 01:11:17'),
(78, '8424512254126', 'TC NEW TECH 2,1A', 4, 35000, 55000, 50000, 7, '2020-02-29 01:12:44', '2020-02-29 01:12:44'),
(79, '6438158763449', 'NOKIA 150 MBC', 10, 390000, 450000, 425000, 14, '2020-02-29 01:22:17', '2020-02-29 01:22:17'),
(80, '6438409040060', 'NOKIA 110 MBC', 10, 310000, 460000, 440000, 14, '2020-02-29 01:27:54', '2020-02-29 01:36:57'),
(81, '6438409603708', 'NOKIA 105 MBC', 4, 206000, 250000, 230000, 19, '2020-02-29 01:29:26', '2020-02-29 01:29:26'),
(82, '6438409605269', 'NOKIA 130 MBC', 10, 289000, 350000, 325000, 8, '2020-02-29 01:30:42', '2020-02-29 01:37:10'),
(83, '6438409036797', 'NOKIA 105 KING MBC', 10, 215000, 250000, 230000, 9, '2020-02-29 01:32:20', '2020-02-29 01:36:37'),
(84, '6438409030030', 'NOKIA 210', 10, 415000, 475000, 450000, 13, '2020-02-29 01:39:00', '2020-02-29 01:39:00'),
(85, 'PRINCEPC-3', 'PRINCE KARAOKE PC-3 MBC', 10, 285000, 350000, 325000, 10, '2020-02-29 01:42:37', '2020-02-29 01:48:02'),
(86, 'MITOPICO', 'MITO PICO V2', 10, 101000, 125000, 120000, 13, '2020-02-29 01:49:03', '2020-02-29 01:49:03'),
(87, 'MITO168', 'MITO 168 V3 PU', 10, 102000, 125000, 120000, 19, '2020-02-29 01:50:03', '2020-02-29 01:50:03'),
(88, 'MITO120', 'MITO 120 V2', 10, 96000, 125000, 120000, 7, '2020-02-29 01:50:49', '2020-02-29 01:50:49'),
(89, '8806088062785', 'SAMSUNG KEYSTONE 3', 10, 207000, 250000, 230000, 2, '2020-02-29 01:52:22', '2020-02-29 01:52:22'),
(90, 'BANANAST3', 'STRAWBERRY BANANA ST3', 10, 153000, 175000, 160000, 8, '2020-02-29 01:54:59', '2020-02-29 01:54:59'),
(91, 'BOMB1205', 'STRAWBERRY S5', 10, 88000, 110000, 100000, 2, '2020-02-29 01:56:38', '2020-02-29 01:56:38'),
(92, 'ICERRYC218', 'ICERRY APOLLO LIPAT', 10, 180000, 210000, 200000, 5, '2020-02-29 01:57:55', '2020-02-29 01:58:26'),
(93, 'GYPSIST2', 'STRAWBERRY ST2', 10, 105000, 130000, 120000, 14, '2020-02-29 01:59:52', '2020-02-29 02:01:01'),
(94, 'VOXYST1', 'STRAWBERRY ST1', 10, 145000, 150000, 150000, 3, '2020-02-29 02:02:10', '2020-02-29 02:02:10'),
(95, 'ICERRRYC212', 'STRAWBERRY C212', 10, 180000, 210000, 20000, 2, '2020-02-29 02:03:07', '2020-03-01 20:26:21'),
(96, 'SPCC21', 'SPC C21 LITE', 10, 118000, 135000, 125000, 1, '2020-02-29 02:04:19', '2020-02-29 02:04:19'),
(97, 'S1272', 'STARWBERRY 1272', 10, 175000, 200000, 190000, 1, '2020-02-29 02:05:25', '2020-02-29 02:05:25'),
(98, 'MITO101', 'MITO 101', 10, 103000, 125000, 120000, 1, '2020-02-29 02:06:15', '2020-02-29 02:06:15'),
(99, 'WC2,1A', 'TC WELLCOMM 2,1 A', 4, 47700, 75000, 65000, 33, '2020-02-29 18:50:42', '2020-02-29 18:58:08'),
(100, 'WCFC3,0', 'TC WELLCOMM 3,0', 4, 106500, 140000, 130000, 6, '2020-02-29 19:15:27', '2020-02-29 19:15:27'),
(101, '2018113015536', 'TC XIDOL TYPE C 2,1A', 4, 45000, 65000, 60000, 29, '2020-02-29 19:21:00', '2020-02-29 19:21:00'),
(102, 'TCBJSC', 'TC VIVO/OPPO SC', 4, 20000, 35000, 30000, 19, '2020-02-29 19:24:29', '2020-02-29 19:24:29'),
(103, '2017122221334', 'HEADSET XIDOL GG2', 4, 25000, 40000, 35000, 34, '2020-02-29 19:28:18', '2020-02-29 19:28:18'),
(104, '021344', 'HEADSET Q3', 3, 20000, 35000, 30000, 10, '2020-02-29 19:33:14', '2020-02-29 19:33:14'),
(105, '015139', 'HEADSET Q1', 3, 23000, 35000, 30000, 2, '2020-02-29 19:34:53', '2020-02-29 19:34:53'),
(106, '6971548130075', 'HEADSET BT ROBOT R3', 2, 76000, 95000, 85000, 7, '2020-02-29 19:36:55', '2020-02-29 19:36:55'),
(107, '8688101045667', 'HEADSET SAMSUNG S10', 3, 18000, 35000, 30000, 32, '2020-02-29 19:38:56', '2020-03-07 03:56:39'),
(108, 'XD2,1A', 'TC XIDOL USB 2,1A', 4, 45000, 65000, 55000, 25, '2020-02-29 19:40:02', '2020-02-29 19:40:02'),
(109, '2018112815113', 'HEADSET XIDOL BM01', 3, 35000, 45000, 40000, 26, '2020-02-29 19:43:51', '2020-02-29 19:43:51'),
(110, '8569823685426', 'HEADSET UMAXX', 3, 18500, 35000, 30000, 8, '2020-02-29 19:44:47', '2020-02-29 19:44:47'),
(111, '6291105491945', 'HEADSET XIDOL S1/S2', 3, 20000, 35000, 30000, 41, '2020-02-29 19:46:09', '2020-02-29 21:32:23'),
(112, '6930352000361', 'HEADSET FOOMEE QA12', 3, 29000, 35000, 35000, 48, '2020-02-29 21:27:12', '2020-02-29 21:27:12'),
(113, '18997225920772', 'HEADSET OASE MD-E3', 3, 48000, 65000, 60000, 24, '2020-02-29 21:30:13', '2020-02-29 21:30:13'),
(114, 'HFBTI8S', 'HEADSET BT I8S', 2, 75000, 95000, 90000, 3, '2020-02-29 21:33:22', '2020-02-29 21:33:22'),
(115, '6924319600000', 'HEADSET SAMSUNG XT07', 3, 10000, 20000, 20000, 6, '2020-02-29 21:34:38', '2020-02-29 21:34:38'),
(116, 'HFM4', 'HEADSET M4', 3, 18000, 35000, 30000, 17, '2020-02-29 21:35:27', '2020-02-29 22:59:33'),
(117, '021677', 'HEADSET NEW TECH NT33', 3, 23000, 35000, 25000, 10, '2020-02-29 21:36:36', '2020-02-29 21:36:36'),
(118, 'HFHS19', 'HEADSET HS19', 3, 18000, 35000, 30000, 7, '2020-02-29 21:37:26', '2020-02-29 21:37:26'),
(119, 'HFAT122', 'HEADSET AT122', 3, 23000, 45000, 40000, 20, '2020-02-29 21:38:16', '2020-02-29 21:39:10'),
(120, '6930352000561', 'HEADSET FOOMEE Q15', 3, 29000, 35000, 35000, 64, '2020-02-29 21:40:57', '2020-02-29 21:40:57'),
(121, 'HFAT068', 'HEADSET AT068', 3, 26000, 45000, 40000, 5, '2020-02-29 21:41:56', '2020-02-29 21:41:56'),
(122, 'KDJ08', 'KABEL DATA IP-J08', 6, 15000, 25000, 20000, 7, '2020-02-29 21:42:52', '2020-02-29 21:42:52'),
(123, 'VZCD12', 'KABEL DATA TYPE C VIZZ', 6, 12000, 25000, 20000, 22, '2020-02-29 21:43:57', '2020-02-29 21:43:57'),
(124, '6952507458805', 'KABEL DATA TYPE C XIDOL', 6, 16000, 20000, 20000, 14, '2020-02-29 21:45:38', '2020-02-29 21:45:38'),
(125, '6971548130372', 'CAR HOLDER ROBOT RT-CH07', 7, 18000, 35000, 30000, 9, '2020-02-29 21:48:16', '2020-02-29 21:48:16'),
(126, '2018113015390', 'TC XIDOL 2A9', 4, 42000, 65000, 60000, 14, '2020-02-29 21:49:40', '2020-02-29 21:49:40'),
(127, 'HFBTBS', 'HEADSET BT BIASA', 2, 25000, 35000, 30000, 7, '2020-02-29 21:50:52', '2020-02-29 21:50:52'),
(128, 'VZTC06', 'TC VIZZ 3,0', 4, 74000, 105000, 95000, 4, '2020-02-29 22:02:18', '2020-02-29 22:02:18'),
(129, 'VZCC05', 'TC MOBIL VIZZ 3,O', 32, 76000, 105000, 95000, 4, '2020-02-29 22:04:21', '2020-02-29 23:01:24'),
(130, 'TG129', 'SPEKER BT JBL', 18, 90000, 115000, 105000, 4, '2020-02-29 22:07:17', '2020-02-29 22:07:17'),
(131, 'T12', 'SPEKER BT T12JBL', 18, 90000, 125000, 120000, 4, '2020-02-29 22:09:35', '2020-02-29 22:09:35'),
(132, 'JXCH', 'CAR HOLDER JXCH', 7, 26000, 35000, 30000, 4, '2020-02-29 22:11:50', '2020-02-29 22:11:50'),
(133, '6902130638242', 'HEADSET SAMSUNG PPT-450', 3, 37500, 50000, 45000, 26, '2020-02-29 22:13:23', '2020-02-29 22:13:23'),
(134, '9330833005479', 'SPEKER BT LINDEN', 18, 75000, 85000, 80000, 10, '2020-02-29 22:15:07', '2020-02-29 22:15:07'),
(135, '6927061000074', 'SPEKER BT B08', 18, 75000, 85000, 80000, 8, '2020-02-29 22:16:00', '2020-02-29 22:16:00'),
(136, 'T18', 'SPEKER BT T18', 18, 85000, 125000, 115000, 2, '2020-02-29 22:17:51', '2020-02-29 22:17:51'),
(137, 'FN111', 'SPEKER BT FN 111', 18, 75000, 85000, 80000, 3, '2020-02-29 22:20:20', '2020-02-29 22:20:20'),
(138, 'T5', 'SPEKER BT T5', 18, 65000, 85000, 80000, 3, '2020-02-29 22:21:17', '2020-02-29 22:21:17'),
(139, 'A9', 'SPEKER BT A9', 18, 50000, 65000, 60000, 9, '2020-02-29 22:23:01', '2020-02-29 22:23:01'),
(140, 'A8', 'SPEKER BT A8', 18, 75000, 85000, 80000, 5, '2020-02-29 22:25:33', '2020-02-29 22:25:33'),
(141, 'A1', 'SPEKER BT A1', 18, 46000, 65000, 55000, 4, '2020-02-29 22:29:03', '2020-02-29 22:29:03'),
(142, '6970558071965', 'HEADSET LAOLEXS HF-LX03', 3, 29000, 55000, 45000, 40, '2020-02-29 22:30:51', '2020-02-29 22:30:51'),
(143, 'SF07', 'KIPAS VOTRE', 33, 43000, 65000, 55000, 6, '2020-02-29 22:35:01', '2020-02-29 22:35:01'),
(144, 'BONEKA', 'BONEKA KELINCI', 28, 80000, 100000, 90000, 49, '2020-02-29 22:38:07', '2020-03-07 05:46:14'),
(145, '6970558071200', 'KABEL DATA LAOLEXS LX-LC02', 6, 19000, 35000, 30000, 22, '2020-02-29 22:39:22', '2020-02-29 22:39:22'),
(146, '6923410725520', 'TC XIDOL 1A', 4, 22000, 35000, 30000, 4, '2020-02-29 22:41:31', '2020-02-29 22:41:31'),
(147, 'TCMG', 'TC MOGANICS 2A', 4, 32500, 50000, 45000, 23, '2020-02-29 22:45:21', '2020-02-29 22:45:21'),
(148, '6952507458898', 'KABEL DATA XIDOL IP-5', 6, 18500, 35000, 30000, 7, '2020-02-29 22:50:47', '2020-02-29 22:50:47'),
(149, 'P1000', 'KABEL DATA SAMSUNG P1000', 6, 18500, 35000, 30000, 5, '2020-02-29 22:52:53', '2020-02-29 22:52:53'),
(150, '6971548131331', 'CAR HOLDER ROBOT RT-CH03', 7, 46000, 65000, 60000, 14, '2020-02-29 22:56:47', '2020-02-29 22:56:47'),
(151, 'BT1', 'HEADSET BT JBL BT1', 2, 52000, 70000, 65000, 22, '2020-02-29 23:06:17', '2020-02-29 23:06:17'),
(152, 'TCWC2A', 'TC WELLCOMM 2A', 4, 53000, 75000, 70000, 9, '2020-02-29 23:07:21', '2020-02-29 23:07:21'),
(153, '6920221000162', 'KABEL DATA FOOMEE TYPE C', 6, 45000, 65000, 60000, 3, '2020-02-29 23:08:53', '2020-02-29 23:08:53'),
(154, '6920221001261', 'KABEL DATA IP-5 FOOMEE', 6, 29000, 45000, 40000, 7, '2020-02-29 23:09:51', '2020-02-29 23:09:51'),
(155, 'M02DC0001W', 'KABEL DATA USB FOOMEE 3A', 6, 35000, 50000, 45000, 29, '2020-02-29 23:10:58', '2020-03-07 04:48:49'),
(156, 'FCMG', 'TC FAST CARGING MOGANICS', 4, 53000, 75000, 70000, 10, '2020-02-29 23:13:34', '2020-02-29 23:13:34'),
(157, '2105201812372', 'TC MOBIL EKO', 32, 20000, 35000, 30000, 5, '2020-02-29 23:17:30', '2020-02-29 23:17:30'),
(158, '2105201812358', 'TC MOBIL EKO FC', 32, 15000, 30000, 25000, 20, '2020-02-29 23:19:10', '2020-02-29 23:19:10'),
(159, 'NT01', 'TC NEW TECH NT-01', 4, 40000, 65000, 60000, 5, '2020-02-29 23:20:04', '2020-02-29 23:20:04'),
(160, '8906076486842', 'TC EKO 1A FC', 4, 22000, 35000, 30000, 5, '2020-02-29 23:20:55', '2020-03-01 19:01:38'),
(161, 'BA25', 'TC ADAPTOR MOBIL FOOMEE', 32, 25000, 40000, 35000, 28, '2020-02-29 23:22:28', '2020-02-29 23:22:28'),
(162, 'HFQ7', 'HEADSET SAMSUNG Q7', 3, 15000, 25000, 20000, 9, '2020-02-29 23:37:53', '2020-02-29 23:37:53'),
(163, '2018110520521', 'HEADSET XIDOL BM02', 3, 35000, 50000, 45000, 9, '2020-02-29 23:39:15', '2020-02-29 23:39:15'),
(164, '6925146926660', 'HEADSET LENOVO P121', 3, 15000, 25000, 20000, 18, '2020-02-29 23:40:31', '2020-02-29 23:40:31'),
(165, 'HFEKO', 'HEADSET EKO', 3, 14000, 25000, 20000, 7, '2020-02-29 23:41:58', '2020-02-29 23:41:58'),
(166, '6970558070067', 'HEADSET LAOLEXS  HF-LX01', 3, 26000, 45000, 40000, 64, '2020-02-29 23:47:00', '2020-03-07 05:41:58'),
(167, 'CARG7', 'TC MOBIL BT CARG7', 32, 45000, 65000, 60000, 7, '2020-02-29 23:48:44', '2020-02-29 23:48:44'),
(168, '535454318437', 'HEADSET BT HM20', 3, 130000, 155000, 150000, 2, '2020-02-29 23:50:51', '2020-02-29 23:50:51'),
(169, 'KDUSB', 'KABEL DATA WELLCOMM  1M', 6, 14120, 30000, 25000, 20, '2020-02-29 23:52:57', '2020-02-29 23:52:57'),
(170, 'TCWC1', 'TC WELLCOMM 2,1A DUAL USB', 4, 75000, 95000, 90000, 3, '2020-03-01 01:15:48', '2020-03-01 01:15:48'),
(171, 'KDTIPEC', 'KABEL DATA WELLCOMM TYPE C', 6, 19600, 35000, 30000, 11, '2020-03-01 01:24:00', '2020-03-04 17:22:03'),
(172, 'KDIP5', 'KABEL DATA WELLCOMM IP5', 6, 23000, 35000, 30000, 1, '2020-03-01 01:27:51', '2020-03-01 01:27:51'),
(173, 'KDIP4', 'KABEL DATA WELLCOMM IP4', 6, 18500, 25000, 20000, 2, '2020-03-01 01:29:04', '2020-03-01 01:29:04'),
(174, 'WC3,0', 'TC MOBIL WELLCOMM 3,0', 32, 86300, 125000, 115000, 15, '2020-03-01 01:30:40', '2020-03-01 01:52:53'),
(175, 'TC4,2', 'TC WELLCOMM 4,2A', 4, 76000, 105000, 90000, 3, '2020-03-01 01:32:21', '2020-03-01 01:32:21'),
(176, 'WC4,8', 'TC WELLCOMM 4,8', 4, 111000, 155000, 145000, 4, '2020-03-01 01:33:21', '2020-03-03 19:16:29'),
(177, 'TCM3,1', 'TC MOBIL 3,1A', 32, 59000, 85000, 75000, 8, '2020-03-01 01:34:30', '2020-03-01 01:34:30'),
(178, 'WC3A', 'TC WELLCOMM TYPE C 3A', 4, 88000, 115000, 100000, 9, '2020-03-01 01:35:42', '2020-03-01 01:35:42'),
(179, 'SP98', 'HEADSET WELLCOMM SP98', 3, 48500, 65000, 60000, 6, '2020-03-01 01:36:41', '2020-03-01 01:36:41'),
(180, 'FCWC3,0', 'TC WELLCOMM FAST CHARGER 3,0', 4, 130200, 165000, 150000, 5, '2020-03-01 01:37:54', '2020-03-01 01:37:54'),
(181, 'KDSP', 'KABEL DATA STARSPEX', 6, 12500, 20000, 20000, 9, '2020-03-01 01:39:02', '2020-03-01 01:39:02'),
(182, '8906076485487', 'TC XIDOL 3,0', 4, 85000, 95000, 90000, 10, '2020-03-01 01:43:00', '2020-03-01 01:43:00'),
(183, '2105201812327', 'TC EKO OPAL 2,1', 4, 39000, 45000, 45000, 7, '2020-03-01 01:44:11', '2020-03-01 01:44:11'),
(184, 'SP14', 'HEADSET WELLCOMM SP14', 3, 49500, 65000, 60000, 6, '2020-03-01 01:45:13', '2020-03-01 01:45:13'),
(185, 'SP08', 'HEADSET WELLCOMM SP08', 3, 45000, 65000, 60000, 2, '2020-03-01 01:49:18', '2020-03-01 01:49:18'),
(186, '1341252542009', 'HEADSET BT SPORT', 2, 115000, 145000, 140000, 1, '2020-03-01 01:51:57', '2020-03-01 01:51:57'),
(187, '021680', 'HEADSET BT T200', 2, 80000, 95000, 90000, 3, '2020-03-01 01:54:55', '2020-03-01 01:54:55'),
(188, 'AC03N', 'TC ADVANCE AC03N', 4, 70000, 85000, 80000, 2, '2020-03-01 01:57:09', '2020-03-01 01:57:09'),
(189, 'HF4D', 'HEADSET 4D', 3, 25000, 35000, 30000, 4, '2020-03-01 01:58:42', '2020-03-01 02:00:53'),
(190, 'jl02', 'stick gamepad', 34, 25000, 35000, 30000, 7, '2020-03-01 19:11:28', '2020-03-01 19:11:28'),
(191, '6930111001262', 'PB FOOMEE AD10I 10000MAH', 14, 199000, 250000, 230000, 5, '2020-03-01 19:52:41', '2020-03-01 19:52:41'),
(192, '6930111001761', 'PB FOOMEE AC06', 14, 100000, 150000, 125000, 16, '2020-03-01 19:54:02', '2020-03-01 19:54:02'),
(193, '6930111001061', 'PB FOOMEE AC10 10000 MAH', 14, 149000, 185000, 170000, 5, '2020-03-01 19:55:01', '2020-03-01 19:55:01'),
(194, '38997225920950', 'PB OASE 10000 MAH', 14, 140000, 200000, 180000, 7, '2020-03-01 19:55:53', '2020-03-01 19:55:53'),
(195, 'http://fw.ch-ina315.com', 'PB LAOLEXS 10000MAH PB-LX05', 14, 199000, 250000, 225000, 9, '2020-03-01 20:00:09', '2020-03-01 20:00:09'),
(196, '6970558070050', 'PB LAOLEXS 10000 MAH PB-LX02', 14, 298000, 350000, 320000, 5, '2020-03-01 20:03:47', '2020-03-01 20:03:47'),
(197, '6920111001161', 'PB FOOMEE 10000 MAH', 14, 158000, 175000, 160000, 14, '2020-03-01 20:05:27', '2020-03-01 20:05:27'),
(198, '6930111000961', 'PB FOOMEE 10000 MAH AB10', 14, 171000, 225000, 200000, 26, '2020-03-01 20:06:28', '2020-03-07 05:26:23'),
(199, '2018010420471', 'PB XIDOL P10A 10000MAH', 14, 210000, 250000, 220000, 1, '2020-03-01 20:07:31', '2020-03-01 20:07:31'),
(200, '6971548130884', 'PB VIVAN 5000 MAH VPB-H5', 14, 110000, 140000, 120000, 1, '2020-03-01 20:08:36', '2020-03-01 20:08:36'),
(201, 'C5', 'PB VIVAN 5000 MAH', 14, 100000, 125000, 120000, 1, '2020-03-01 20:10:28', '2020-03-01 20:10:28'),
(202, '6930111000561', 'PB FOOMEE AA05 5000 MAH', 14, 90000, 120000, 100000, 2, '2020-03-01 20:11:28', '2020-03-01 20:11:28'),
(203, 'FM1', 'PB FOOMEE 8000 MAH', 14, 310000, 350000, 320000, 5, '2020-03-01 20:12:38', '2020-03-01 20:12:38'),
(204, 'JR100', 'PB WELLCOMM 10000 MAH', 14, 213000, 275000, 250000, 2, '2020-03-01 20:14:55', '2020-03-01 20:14:55'),
(205, 'AR120', 'PB WELLCOMM 12000MAH', 14, 211000, 275000, 250000, 2, '2020-03-01 20:23:37', '2020-03-01 20:25:04'),
(206, 'AR240', 'PB WELLCOMM', 14, 350000, 400000, 320000, 4, '2020-03-01 20:24:27', '2020-03-01 20:24:27'),
(207, 'HRY', 'TC HRY', 4, 55000, 75000, 65000, 3, '2020-03-01 20:27:28', '2020-03-01 20:27:28'),
(208, 'TC361', 'TC 361 BATOK', 4, 23000, 25000, 25000, 4, '2020-03-01 20:28:19', '2020-03-01 20:28:19'),
(209, 'MU10', 'HEDSET MU10', 3, 20000, 35000, 30000, 4, '2020-03-01 20:29:03', '2020-03-01 20:29:03'),
(210, '6970558070333', 'TC MOBIL LAOLEXS 3,0 USB/TYPE C', 32, 85000, 110000, 100000, 4, '2020-03-01 20:30:22', '2020-03-02 01:04:59'),
(211, '18316/08740425', 'JAM XIOMI 3', 26, 285000, 350000, 320000, 3, '2020-03-01 20:31:31', '2020-03-01 20:31:31'),
(212, '6934177708763', 'JAM XIOMI 4', 26, 385000, 450000, 420000, 2, '2020-03-01 20:33:00', '2020-03-01 20:33:00'),
(213, 'TCMLX', 'TC MOBIL LAOLEXS 3,0 TYPE C', 4, 88000, 110000, 100000, 2, '2020-03-01 20:34:46', '2020-03-01 20:34:46'),
(214, '6970558070203', 'TC MOBIL LAOLEXS  IP/TYPE C', 32, 84000, 110000, 100000, 4, '2020-03-01 20:36:20', '2020-03-01 20:36:53'),
(215, '6970558071323', 'KABEL DATA USB LAOLEXS LX-LC03', 6, 24000, 35000, 30000, 24, '2020-03-02 01:03:35', '2020-03-02 01:03:35'),
(216, '2018010821483', 'PB XIDOL 6200 MAH P6B', 14, 100000, 135000, 120000, 6, '2020-03-02 01:06:10', '2020-03-02 01:06:10'),
(217, 'MR84', 'PB MOGANICS 8400 MAH', 14, 164000, 210000, 190000, 8, '2020-03-02 01:07:31', '2020-03-02 01:07:31'),
(218, '6970558070074', 'HEADSET LAOLEXS HF-LX02', 3, 49000, 65000, 60000, 38, '2020-03-02 01:09:40', '2020-03-02 01:09:40'),
(219, '1609201818309', 'HEADSET ELGON EKO', 3, 16000, 35000, 30000, 40, '2020-03-02 01:12:12', '2020-03-02 01:12:12'),
(220, '6417181632182', 'BATTERAY NOKIA BL5C GR', 9, 15000, 35000, 30000, 71, '2020-03-02 01:41:13', '2020-03-02 02:01:37'),
(221, '6417182108402', 'BATTERAY SAMSUNG 1272 BS', 9, 17000, 35000, 30000, 29, '2020-03-02 01:53:24', '2020-03-02 01:58:52'),
(222, 'BT1272BS', 'BATTERAY SAMSUNG 1272 BS', 9, 20000, 35000, 30000, 14, '2020-03-02 01:54:19', '2020-03-02 01:54:19'),
(223, 'BTIP6S', 'BATTERAY IP 6S', 9, 103000, 165000, 150000, 4, '2020-03-02 19:40:47', '2020-03-02 19:40:47'),
(224, 'BTIP4', 'BATTERAY IP4', 9, 74000, 150000, 130000, 2, '2020-03-02 19:42:24', '2020-03-02 19:42:24'),
(225, 'BTNX1', 'BATTERAY NX-1', 9, 75000, 100000, 85000, 5, '2020-03-02 19:43:36', '2020-03-02 19:43:36'),
(226, 'BTIP6+', 'BATTERAY IP6+', 9, 109500, 185000, 160000, 2, '2020-03-02 19:44:35', '2020-03-02 19:44:35'),
(227, 'BTIP4S', 'BATTERAY IP 4S', 9, 70000, 125000, 110000, 6, '2020-03-02 19:46:05', '2020-03-02 19:46:05'),
(228, 'BTIP5S', 'BATTERAY IP 5S', 9, 110000, 175000, 150000, 5, '2020-03-02 19:46:51', '2020-03-02 19:46:51'),
(229, 'BTCORE2', 'BATTERAY SAMSUNG CORE2 WC', 9, 71000, 95000, 85000, 6, '2020-03-02 19:48:03', '2020-03-02 19:48:03'),
(230, 'BTLS1', 'BATTERAY LS1 WC', 9, 72000, 95000, 80000, 5, '2020-03-02 19:51:23', '2020-03-02 19:51:23'),
(231, 'BTMAXI', 'BATTERAY ANDROMAX MAX I', 9, 60000, 75000, 65000, 5, '2020-03-02 19:52:52', '2020-03-02 19:52:52'),
(232, 'BTIP5', 'BATTERAY IP 5 WC', 9, 103000, 175000, 150000, 3, '2020-03-02 19:54:06', '2020-03-02 19:54:06'),
(233, 'BTMS1', 'BATTERAY MS 1 WC', 9, 75000, 95000, 80000, 2, '2020-03-02 19:55:24', '2020-03-02 19:55:24'),
(234, 'BTS4R', 'BATTERAY SAMSUNG S4R WC', 9, 51000, 85000, 80000, 4, '2020-03-02 19:56:29', '2020-03-02 19:56:29'),
(235, 'BTY2', 'BATTERAY SAMSUNG YOUNG 2 WC', 9, 50000, 75000, 70000, 18, '2020-03-02 19:57:13', '2020-03-03 22:35:21'),
(236, 'BTMAXV', 'BATTERAY ANDROMAX MAX V WC', 9, 55000, 75000, 60000, 2, '2020-03-02 19:58:06', '2020-03-02 19:58:06'),
(237, 'BTJ5', 'BATTERAY SAMSUNG J5 WC', 9, 80500, 110000, 95000, 2, '2020-03-02 19:58:59', '2020-03-02 19:58:59'),
(238, 'BTJS1', 'BATTTERAY JS1', 9, 51000, 75000, 70000, 3, '2020-03-02 19:59:52', '2020-03-02 19:59:52'),
(239, 'BT8150', 'BATTERAY SAMSUNG 8150 WC', 9, 54000, 85000, 75000, 1, '2020-03-02 20:00:45', '2020-03-02 20:00:45'),
(240, 'BTC450', 'BATTERAY C450 WC', 9, 50000, 65000, 55000, 2, '2020-03-02 20:01:27', '2020-03-02 20:01:27'),
(241, 'BTS5E', 'BATTERAY ADVAN S5E', 9, 50000, 75000, 60000, 1, '2020-03-02 20:02:05', '2020-03-02 20:02:05'),
(242, 'BTFS1', 'BATTERAY FS1', 9, 50000, 75000, 60000, 1, '2020-03-02 20:02:55', '2020-03-02 20:02:55'),
(243, 'BTU', 'BATTERAY MAX U', 9, 50000, 75000, 60000, 1, '2020-03-02 20:03:31', '2020-03-02 20:03:31'),
(244, 'BTMI5X', 'BATTERAY NOTE 5A WC', 9, 78500, 175000, 150000, 4, '2020-03-02 20:04:32', '2020-03-02 20:04:32'),
(245, 'BTMI4A', 'BATTERAY XIOMI MI4A WC', 9, 98000, 175000, 150000, 1, '2020-03-02 20:05:20', '2020-03-02 20:05:20'),
(246, 'BTNOTE2', 'BATTERAY SAMSUNG NOTE2 WC', 9, 83000, 100000, 90000, 1, '2020-03-02 20:06:01', '2020-03-02 20:06:01'),
(247, 'BTCORE', 'BATTERAY SAMSUNG 8260 WC', 9, 61000, 85000, 75000, 1, '2020-03-02 20:07:05', '2020-03-02 20:07:05'),
(248, 'BT4CT', 'BATTERAY BL-4CT WC', 9, 41000, 55000, 50000, 2, '2020-03-02 20:08:02', '2020-03-02 20:08:02'),
(249, 'BTZF4', 'BATTERAY ASUS ZENF 4', 9, 54000, 75000, 70000, 2, '2020-03-02 20:09:20', '2020-03-02 20:09:20'),
(250, 'BTW', 'BATTERAY SAMSUNG WONDER 8150 WC', 9, 57000, 75000, 65000, 3, '2020-03-02 20:10:04', '2020-03-02 20:10:04'),
(251, 'BTC', 'BATTERAY ANDROMAX MAX-C', 9, 55000, 75000, 70000, 3, '2020-03-02 20:11:03', '2020-03-02 20:11:03'),
(252, 'BTSM', 'BATTERAY SAMSUNG 9150', 9, 67000, 100000, 90000, 1, '2020-03-02 20:12:29', '2020-03-02 20:12:29'),
(253, 'BTA2', 'BATTERAY SAMSUNG ACE 2', 9, 50000, 75000, 65000, 1, '2020-03-02 20:13:32', '2020-03-02 20:13:32'),
(254, 'BTE4J', 'BATTERAY EKO 4J', 9, 35000, 45000, 40000, 2, '2020-03-02 20:14:16', '2020-03-02 20:14:16'),
(255, 'BTCS2', 'BATTERAY S2', 9, 33000, 45000, 35000, 2, '2020-03-02 20:15:01', '2020-03-02 20:15:01'),
(256, 'BTE4L', 'BATTERAY EKO BP-4L', 9, 30000, 45000, 40000, 6, '2020-03-02 20:15:54', '2020-03-02 20:15:54'),
(257, 'BTE5J', 'BATTERAY EKO 5J', 9, 30000, 45000, 40000, 8, '2020-03-02 20:16:34', '2020-03-02 20:23:07'),
(258, 'BTE', 'BATTERAY MAX E', 9, 50000, 75000, 65000, 1, '2020-03-02 20:17:27', '2020-03-02 20:17:27'),
(259, 'BTS3', 'BATTERAY SAMSUNG S3', 9, 69500, 85000, 80000, 1, '2020-03-02 20:18:06', '2020-03-02 20:18:06'),
(260, 'BTC3', 'BATTERAY ANDROMAX C3 WC', 9, 50000, 75000, 60000, 3, '2020-03-02 20:18:48', '2020-03-02 20:19:07'),
(261, 'BTNOTE', 'BATTERAY SAMSUNG NOTE', 9, 78000, 110000, 95000, 4, '2020-03-02 20:19:50', '2020-03-02 20:19:50'),
(262, 'BTJ2', 'BATTERAY SAMSUNG J2 WC', 9, 90100, 110000, 95000, 3, '2020-03-02 20:21:01', '2020-03-02 20:21:01'),
(263, 'BTE2', 'BATTERAY ANDROMAX E2', 9, 60000, 85000, 80000, 4, '2020-03-02 20:21:48', '2020-03-02 20:21:48'),
(264, 'BT5A', 'BATTERAY REDMI 5A WC', 9, 75700, 175000, 150000, 5, '2020-03-02 20:22:34', '2020-03-02 20:22:34'),
(265, 'BTIP6', 'BATTERAY IP 6 WC', 9, 114000, 200000, 180000, 4, '2020-03-02 20:24:01', '2020-03-02 20:24:01'),
(266, 'PFIM', 'PARFUM IM', 15, 39000, 55000, 50000, 86, '2020-03-03 18:25:35', '2020-03-03 18:25:35'),
(267, 'PFES', 'PARFUM EASY', 15, 37000, 65000, 55000, 37, '2020-03-03 18:29:09', '2020-03-07 05:26:24'),
(268, '6930113001861', 'TC FOOMEE CC18', 4, 35000, 55000, 45000, 70, '2020-03-03 19:17:33', '2020-03-03 22:17:24'),
(269, 'AGA52020', 'ANTI GORES A52020', 22, 4000, 15000, 10000, 361, '2020-03-03 19:19:13', '2020-03-03 20:22:38'),
(270, '6971548131706', 'FD 8GB ROBOT', 8, 55000, 75000, 65000, 15, '2020-03-03 19:25:30', '2020-03-03 19:25:30'),
(271, 'AGY12', 'ANTI GORES Y12/M20/Y91 PERSAMAAN BS', 22, 4000, 15000, 10000, 247, '2020-03-03 19:57:22', '2020-03-07 04:12:00'),
(272, 'K1', 'JAM ANAK IMO', 25, 110000, 150000, 135000, 25, '2020-03-03 19:58:09', '2020-03-03 19:58:09'),
(273, 'AGY71', 'AG Y71', 22, 4000, 15000, 10000, 14, '2020-03-03 20:24:01', '2020-03-03 20:24:01'),
(274, 'AGV5', 'AG VIVO V5', 22, 4000, 15000, 10000, 49, '2020-03-03 20:24:45', '2020-03-03 20:24:45'),
(275, 'AGA83', 'AG OPPO A83', 22, 4000, 15000, 10000, 25, '2020-03-03 20:25:35', '2020-03-06 21:43:28'),
(276, 'AGNEO5', 'AG OPPO NEW 5', 22, 4000, 15000, 10000, 7, '2020-03-03 20:26:12', '2020-03-03 20:26:12'),
(277, 'AGNEO7', 'AG OPPO NEO 7', 22, 4000, 15000, 10000, 34, '2020-03-03 20:26:46', '2020-03-03 20:26:46'),
(278, 'AGJ52016', 'AG FULL J5 2016', 22, 10000, 25000, 20000, 43, '2020-03-03 20:27:55', '2020-03-04 00:25:46'),
(279, '4XFULL', 'AG FULL XIOMI 4X', 22, 10000, 25000, 20000, 7, '2020-03-03 20:28:55', '2020-03-03 20:28:55'),
(280, 'AGJ4+', 'AG SAMSUNG J4+', 22, 4000, 15000, 10000, 17, '2020-03-03 20:29:44', '2020-03-04 00:26:22'),
(281, 'AG4AFULL', 'AG XIOMI 4A FULL', 22, 10000, 25000, 20000, 9, '2020-03-03 20:30:36', '2020-03-03 20:30:36'),
(282, 'AGNOTE3', 'AG XIOMI NOTE 3', 22, 4000, 15000, 10000, 15, '2020-03-03 20:31:48', '2020-03-03 20:31:48'),
(283, 'AGJ3', 'AG SAMSUNG J3', 22, 4000, 15000, 10000, 23, '2020-03-03 20:32:31', '2020-03-03 20:32:31'),
(284, 'AGNOTE1', 'AG XIOMI NOTE 1', 22, 4000, 15000, 10000, 15, '2020-03-03 20:33:15', '2020-03-03 20:33:15'),
(285, 'AGNOTE6', 'AG XIOMI NOTE6', 22, 4000, 15000, 10000, 12, '2020-03-03 20:34:09', '2020-03-03 20:34:09'),
(286, 'AG5X', 'AG XIOMI 5X', 22, 4000, 15000, 10000, 26, '2020-03-03 20:34:49', '2020-03-03 20:34:49'),
(287, 'AG4X', 'AG XIOMI 4X', 22, 4000, 15000, 10000, 28, '2020-03-03 20:35:37', '2020-03-03 20:35:37'),
(288, 'AG6A', 'AG XIOMI 6A', 22, 4000, 15000, 10000, 9, '2020-03-03 20:36:12', '2020-03-03 20:36:12'),
(289, 'BT4B', 'BATTERAY WELLCOMM BL-4B', 9, 40000, 55000, 50000, 2, '2020-03-03 22:16:57', '2020-03-03 22:16:57'),
(290, 'BTACE4', 'BATTERAY WELLCOMM ACE 4', 9, 58000, 85000, 75000, 4, '2020-03-03 22:18:11', '2020-03-03 22:18:11'),
(291, 'BT4C', 'BATTERAY WELLCOMM BL4C', 9, 50000, 65000, 60000, 11, '2020-03-03 22:18:56', '2020-03-03 22:18:56'),
(292, 'BT5C', 'BATTERAY WELLCOMM BL5C', 9, 41100, 65000, 60000, 30, '2020-03-03 22:20:59', '2020-03-03 22:20:59'),
(293, 'BTNEO', 'BATTERAY WELLCOMM G NEO', 9, 78000, 95000, 85000, 11, '2020-03-03 22:21:43', '2020-03-03 22:21:43'),
(294, 'BTDX1', 'BATTERAY WELLCOMM DX-1', 9, 50000, 65000, 60000, 1, '2020-03-03 22:22:23', '2020-03-03 22:22:23'),
(295, 'BT4J', 'BATTERAY WELLCOMM', 9, 50000, 65000, 60000, 2, '2020-03-03 22:22:51', '2020-03-03 22:24:52'),
(296, 'BTJ1', 'BATTERAY WELLCOM J1', 9, 64000, 85000, 80000, 11, '2020-03-03 22:23:39', '2020-03-03 22:23:39'),
(297, 'BTJM1', 'BATTERAY WELLCOMM JM1', 9, 77400, 95000, 85000, 3, '2020-03-03 22:25:37', '2020-03-03 22:25:37'),
(298, 'BT4L', 'BATTERAY WELLCOMM BP-4L', 9, 59000, 85000, 75000, 13, '2020-03-03 22:26:21', '2020-03-03 22:26:21'),
(299, 'BTC2', 'BATTERAY WELLCOMM MAX C2', 9, 50000, 75000, 65000, 8, '2020-03-03 22:27:09', '2020-03-03 22:27:09'),
(300, 'BTG2', 'BATTERAY WELLCOMM MAX G2', 9, 54000, 75000, 70000, 18, '2020-03-03 22:28:33', '2020-03-03 22:28:33'),
(301, 'BTJ1A', 'BATTERAY WELLCOMM J1 ACE', 9, 71500, 95000, 85000, 5, '2020-03-03 22:30:58', '2020-03-03 22:30:58'),
(302, 'BT4UL', 'BATTERAY WELLCOMM BL-4UL', 9, 50500, 75000, 60000, 16, '2020-03-03 22:31:44', '2020-03-03 22:31:44'),
(303, 'BTJ1M', 'BATTERAY WELLCOMM J1 MINI', 9, 59000, 85000, 80000, 4, '2020-03-03 22:32:32', '2020-03-03 22:32:32'),
(304, 'BTV', 'BATTERAY WELLCOMM SAMSUNG V', 9, 55900, 85000, 75000, 14, '2020-03-03 22:33:25', '2020-03-03 22:33:25'),
(305, 'BTEA7E', 'BATTERAY EKO A7E', 9, 50000, 75000, 65000, 1, '2020-03-03 22:37:01', '2020-03-03 22:37:01'),
(306, 'BTES5E', 'BATTERAY EKO S5E', 9, 50000, 75000, 70000, 1, '2020-03-03 22:37:32', '2020-03-03 22:37:32'),
(307, '6930351000666', 'HEADSET BT FOOMEE PB13', 2, 180000, 20000, 185000, 5, '2020-03-03 22:39:58', '2020-03-03 22:39:58'),
(308, '48997225920896', 'HEADSET BT OASE K5', 2, 100000, 140000, 120000, 9, '2020-03-03 22:40:56', '2020-03-03 22:40:56'),
(309, '6920351001162', 'HEADSET BT FOOMEE WE62', 2, 139000, 165000, 150000, 9, '2020-03-03 22:42:29', '2020-03-03 22:42:29'),
(310, '6920353000162', 'SPEKER BT FOOMEE HH11', 18, 175000, 210000, 190000, 8, '2020-03-03 22:43:56', '2020-03-03 22:43:56'),
(311, '6930221002062', 'KABEL DATA FOOMEE NG10', 6, 40000, 65000, 55000, 13, '2020-03-03 22:47:14', '2020-03-03 22:47:14'),
(312, '6970558070746', 'HEADSET BT LAOLEXS BT-LXV8', 2, 340000, 375000, 360000, 1, '2020-03-03 22:48:11', '2020-03-03 22:48:11'),
(313, '6930112002262', 'TC MOBIL FOOMEE BA22', 32, 70000, 95000, 85000, 9, '2020-03-03 22:49:21', '2020-03-03 22:49:21'),
(314, 'AGNOTE4X', 'AG XIOMI NOTE 4X FULL', 22, 10000, 25000, 25000, 8, '2020-03-04 00:28:47', '2020-03-04 07:23:05'),
(315, 'AG7A', 'AG XIOMI 7A', 22, 4000, 10000, 10000, 36, '2020-03-04 00:31:03', '2020-03-04 00:31:03'),
(316, 'AGJOY', 'AG OPPO JOY', 22, 4000, 10000, 10000, 11, '2020-03-04 00:31:46', '2020-03-04 00:31:46'),
(317, 'AG4I', 'AG XIOMI 4I', 22, 4000, 10000, 10000, 9, '2020-03-04 00:32:14', '2020-03-04 00:32:14'),
(318, 'AGJOY3', 'AG OPPO JOY3', 22, 4000, 10000, 10000, 20, '2020-03-04 00:32:52', '2020-03-04 00:32:52'),
(319, 'AGJ1', 'AG SAMSUNG J1', 22, 4000, 10000, 10000, 30, '2020-03-04 00:33:27', '2020-03-04 00:33:27'),
(320, 'AGNEO', 'AG OPPO NEO 3', 22, 4000, 10000, 10000, 15, '2020-03-04 00:34:11', '2020-03-04 00:34:11'),
(321, 'AGJ1ACE', 'AG SAMSUNG J1 ACE', 22, 4000, 10000, 10000, 12, '2020-03-04 00:34:48', '2020-03-04 00:34:48'),
(322, 'AGJ32016', 'AG SAMSUNG J3 2016', 22, 4000, 10000, 10000, 7, '2020-03-04 00:35:45', '2020-03-04 00:35:45'),
(323, 'J1ACEFULL', 'AG FULL J1 ACE', 22, 10000, 25000, 20000, 18, '2020-03-04 00:36:45', '2020-03-04 00:36:45'),
(324, 'AGJ7PRIME', 'AG SAMSUNG J7 PRIME', 22, 4000, 10000, 10000, 16, '2020-03-04 00:37:44', '2020-03-04 00:37:44'),
(325, 'AGJ72016', 'AG SAMSUNG J7 2016', 22, 4000, 10000, 10000, 48, '2020-03-04 00:39:08', '2020-03-04 00:39:08'),
(326, 'AGJ7PRO', 'AG SAMSUNG J7 PRO', 22, 4000, 10000, 10000, 7, '2020-03-04 00:39:51', '2020-03-04 00:39:51'),
(327, 'AGJ62018', 'AG SAMSUNG J6 2018', 22, 4000, 10000, 10000, 9, '2020-03-04 00:40:34', '2020-03-04 00:40:34'),
(328, 'AGJ3PRO', 'AG SAMSUNG J3 PRO', 22, 4000, 10000, 10000, 30, '2020-03-04 00:53:42', '2020-03-04 00:53:42'),
(329, 'AGJ5', 'AG SAMSUNG J5', 22, 4000, 10000, 10000, 12, '2020-03-04 00:57:29', '2020-03-04 00:57:29'),
(330, 'AGJ2PRIME', 'AG SAMSUNG J2 PRIME', 22, 4000, 10000, 10000, 108, '2020-03-04 00:58:11', '2020-03-04 00:58:11'),
(331, 'AGJ2PBLACK', 'AG SAMSUNG J2 PRIME BLACK', 22, 10000, 15000, 15000, 10, '2020-03-04 00:59:00', '2020-03-04 00:59:00'),
(332, 'AGJ2PRO', 'AG SAMSUNG J2 PRO', 22, 4000, 10000, 10000, 48, '2020-03-04 00:59:33', '2020-03-04 00:59:33'),
(333, 'AGJ5PRO', 'AG SAMSUNG J5 PRO', 22, 4000, 10000, 10000, 33, '2020-03-04 01:00:06', '2020-03-04 01:00:06'),
(334, 'AGJ2', 'AG SAMSUNG J2', 22, 4000, 10000, 10000, 24, '2020-03-04 01:00:39', '2020-03-04 01:00:39'),
(335, 'AGV', 'AG SAMSUNG V', 22, 4000, 10000, 10000, 21, '2020-03-04 01:01:12', '2020-03-04 01:01:12'),
(336, 'AGY12ROBOT', 'AG Y12 PERSAMAAN ROBOT', 22, 4500, 10000, 10000, 390, '2020-03-04 07:20:40', '2020-03-04 07:20:40'),
(337, 'AGREDMI5', 'AD XIOMI REDMI 5', 22, 4000, 10000, 10000, 26, '2020-03-04 07:21:36', '2020-03-04 07:21:36'),
(338, 'AGNOTE4XBS', 'AG NOTE 4X BS', 22, 4000, 10000, 10000, 30, '2020-03-04 07:23:37', '2020-03-04 07:23:37'),
(339, 'AGNOTE5A', 'AG XIOMI NOTE 5A', 22, 4000, 10000, 10000, 28, '2020-03-04 07:24:18', '2020-03-04 07:24:18'),
(340, 'AGUNIV5', 'AG UNIV 5 INC', 22, 4000, 10000, 10000, 18, '2020-03-04 07:25:00', '2020-03-04 07:25:00'),
(341, 'AGUNIV4,5', 'AG UNIV 4,5', 22, 4000, 10000, 10000, 10, '2020-03-04 07:25:48', '2020-03-04 07:25:48'),
(342, 'AGUNIV4', 'AG UNIV 4 INC', 22, 4000, 10000, 10000, 29, '2020-03-04 07:26:23', '2020-03-04 07:26:23'),
(343, 'AGUNIV4,7', 'AG UNIV 4,7', 22, 4000, 10000, 10000, 11, '2020-03-04 07:26:58', '2020-03-04 07:26:58'),
(344, 'AGUNIV5,5', 'AG UNIV 5,5', 22, 4000, 10000, 10000, 30, '2020-03-04 07:27:31', '2020-03-04 07:27:31'),
(345, 'AGGDUOS', 'AG SAMSUNG GRAND DUOS', 22, 4000, 10000, 10000, 6, '2020-03-04 07:28:25', '2020-03-04 07:28:25'),
(346, 'AGY22', 'AG VIVO Y21/22', 22, 4000, 10000, 10000, 16, '2020-03-04 07:29:14', '2020-03-04 07:29:14'),
(347, 'AGV3', 'AG VIVO V3', 22, 4000, 10000, 10000, 6, '2020-03-04 07:29:51', '2020-03-04 07:29:51'),
(348, 'AGY15', 'AG VIVO Y15', 22, 4000, 10000, 10000, 27, '2020-03-04 07:30:31', '2020-03-04 07:30:31'),
(349, 'AG57', 'AG OPPO A57', 22, 4000, 10000, 10000, 28, '2020-03-04 07:31:04', '2020-03-04 07:31:04'),
(350, 'AGC2', 'AG REALME C2 FULL', 22, 8000, 25000, 20000, 8, '2020-03-04 07:32:06', '2020-03-07 02:15:26'),
(351, 'AGJ5PRIME', 'AG SAMSUNG J5 PRIME', 22, 4000, 10000, 10000, 2, '2020-03-04 07:33:02', '2020-03-04 07:33:02'),
(352, 'AGY53', 'AG VIVO Y53', 22, 4000, 10000, 10000, 3, '2020-03-04 07:33:45', '2020-03-04 07:33:45'),
(353, 'AGNOTE7FULL', 'AG XIOMI NOTE 7 FULL', 22, 8000, 25000, 20000, 6, '2020-03-04 07:34:35', '2020-03-04 07:34:35'),
(354, 'AGY53FULL', 'AG VIVO Y53 FULL', 22, 8000, 25000, 20000, 7, '2020-03-04 07:35:27', '2020-03-04 07:35:27'),
(355, 'AGA71FULL', 'AG VIVO Y53 FULL', 22, 8000, 25000, 20000, 3, '2020-03-04 07:36:05', '2020-03-04 07:36:37'),
(356, 'AGA71', 'AG OPPO A71', 22, 4000, 10000, 10000, 1, '2020-03-04 07:37:11', '2020-03-04 07:37:11'),
(357, 'K3NOTE', 'AG K3 NOTE', 22, 4000, 10000, 10000, 5, '2020-03-04 07:37:53', '2020-03-04 07:37:53'),
(358, 'AGIP4', 'AG IPONE 4', 22, 4000, 10000, 10000, 8, '2020-03-04 07:38:31', '2020-03-04 07:38:31'),
(359, 'AGZENFC', 'AG ZENFONE C', 22, 4000, 10000, 10000, 4, '2020-03-04 07:39:10', '2020-03-04 07:39:10'),
(360, 'AGREDMI6X', 'AG XIOMI 6X', 22, 4000, 10000, 10000, 7, '2020-03-04 07:39:50', '2020-03-04 07:39:50'),
(361, 'AGA5', 'AG SAMSUNG A5', 22, 4000, 10000, 10000, 3, '2020-03-04 07:40:25', '2020-03-04 07:40:25'),
(362, 'AGLENOVOA2020', 'AG LENOVO A2010', 22, 10000, 10000, 10000, 9, '2020-03-04 07:41:26', '2020-03-04 07:41:26'),
(363, 'AGA2020', 'AD LENOVO A2020', 22, 4000, 100000, 100000, 4, '2020-03-04 07:42:14', '2020-03-04 07:42:14'),
(364, 'AGY31', 'AG VIVO Y31', 22, 4000, 10000, 10000, 6, '2020-03-04 07:43:04', '2020-03-04 07:43:04'),
(365, 'AGNEO3', 'AG OPPO NEO3', 22, 4000, 10000, 10000, 9, '2020-03-04 07:43:56', '2020-03-04 07:43:56'),
(366, 'AGR2001', 'AG OPPO R20001', 22, 4000, 10000, 10000, 9, '2020-03-04 07:44:54', '2020-03-04 07:44:54'),
(367, '6417182239502', 'BATTERAY NOKIA BL 5C BS', 9, 15000, 25000, 20000, 40, '2020-03-04 17:43:53', '2020-03-07 03:40:38'),
(368, '6417182409356', 'BATTERAY NOKIA BL 5C BS', 9, 15000, 25000, 25000, 15, '2020-03-04 17:45:54', '2020-03-04 17:45:54'),
(369, '022789', 'CAR HOLDER FLY', 7, 45000, 65000, 55000, 7, '2020-03-04 17:54:02', '2020-03-04 17:54:02'),
(370, '2018010815437', 'POWER BANK XIDOL P4B', 14, 50000, 65000, 60000, 9, '2020-03-04 17:55:03', '2020-03-04 17:55:03'),
(371, '619659097318', 'FLASDISK 64 GB SANDISK', 8, 145000, 175000, 165000, 18, '2020-03-04 18:04:12', '2020-03-04 18:04:12'),
(372, '619659069193', 'FLASDISK 32GB SANDISK', 8, 75000, 95000, 90000, 12, '2020-03-04 18:05:57', '2020-03-04 18:05:57'),
(373, '619659000424', 'FLASDISK 8GB SANDISK', 8, 50000, 65000, 60000, 1, '2020-03-04 18:08:21', '2020-03-04 18:08:21'),
(374, '8997209900847', 'FLASHDISK 32GB VGEN ASTRO', 8, 105000, 120000, 115000, 1, '2020-03-04 18:09:44', '2020-03-04 18:09:44'),
(375, '8888816988888', 'FLASDISK 16GB VGEN DOMINO', 8, 50000, 65000, 60000, 5, '2020-03-04 18:11:11', '2020-03-04 18:11:11'),
(376, '8997209900908', 'FLASDISK 32GB VGEN ATOM', 8, 105000, 135000, 130000, 13, '2020-03-04 18:12:36', '2020-03-04 18:12:36'),
(377, '8997209900885', 'FLASDISK 8GB VGEN ATOM', 8, 42000, 65000, 60000, 2, '2020-03-04 18:13:20', '2020-03-04 18:13:20'),
(378, 'http://www.v-gen.co.id', 'MEMORY VGEN 64GB CLASS 10', 35, 123000, 160000, 145000, 6, '2020-03-04 18:25:10', '2020-03-04 18:25:10'),
(379, 'MMC32GB', 'MEMORY 32GB VGEN CLASS 6', 35, 60000, 75000, 70000, 1, '2020-03-04 18:27:39', '2020-03-04 18:27:39'),
(380, 'MMCADV16', 'MEMORY ADVAN 16GB', 35, 50000, 75000, 70000, 31, '2020-03-04 18:29:21', '2020-03-04 18:29:21'),
(381, 'FD8AVG', 'FLASDISK VANDISK 8GB', 8, 43000, 65000, 60000, 22, '2020-03-04 18:31:13', '2020-03-04 18:31:13'),
(382, 'FD16AVG', 'FLASDISK VANDISK 16GB', 8, 52000, 75000, 70000, 21, '2020-03-04 18:32:28', '2020-03-04 18:32:28'),
(383, '8803821518141', 'BATTERAY SAMSUNG 8262 BS', 9, 35000, 65000, 60000, 3, '2020-03-04 18:36:44', '2020-03-04 18:36:44'),
(384, 'FDVGEN16GB', 'DLASDISK VGEN 16GB OTG', 8, 101000, 125000, 110000, 4, '2020-03-04 18:38:11', '2020-03-04 18:38:11'),
(385, 'FDVGEN8GB', 'FLASDISK VGEN 8GB OTG', 8, 93000, 105000, 100000, 9, '2020-03-04 18:39:26', '2020-03-04 18:39:26'),
(386, 'FDVGEN32GB', 'FLASDISK VGEN 32GB OTG', 8, 155000, 175000, 165000, 9, '2020-03-04 18:40:33', '2020-03-04 18:40:33'),
(387, '6971548130921', 'GAME PAD ROBOT', 34, 60000, 75000, 65000, 7, '2020-03-04 18:42:23', '2020-03-04 18:42:23'),
(388, 'RING360', 'RING 360', 13, 3000, 5000, 5000, 592, '2020-03-04 18:44:38', '2020-03-04 18:44:38'),
(389, '022284', 'KABEL AUDIO 1,1 BESI', 6, 8000, 15000, 15000, 163, '2020-03-04 18:50:55', '2020-03-04 18:50:55'),
(390, 'BTS4BS', 'BATTERAY SAMSUNG S4 BS', 9, 50000, 65000, 60000, 1, '2020-03-04 18:54:05', '2020-03-04 18:54:05'),
(391, 'BTASUS', 'BATTERAY ASUS ZENF GO', 9, 42000, 65000, 60000, 4, '2020-03-04 18:55:33', '2020-03-04 18:55:33'),
(392, 'BTASUSZC', 'BATTERAY ASUS ZENF C', 9, 42000, 65000, 60000, 1, '2020-03-04 18:58:39', '2020-03-04 18:58:39'),
(393, 'BTGPRIMEBS', 'BATTERAY SAMSUNG GPRIME BS', 9, 42000, 65000, 60000, 5, '2020-03-04 19:00:44', '2020-03-04 19:00:44'),
(394, 'BTJ1ACEBS', 'BATTERAY SAMSUNG J1 ACE BS', 9, 33000, 55000, 50000, 4, '2020-03-04 19:01:36', '2020-03-04 19:01:36'),
(395, 'KA2,1', 'KABEL AUDIO 2,1', 12, 7500, 15000, 15000, 69, '2020-03-04 19:02:42', '2020-03-07 04:37:50'),
(396, 'PS', 'POP SOCKET', 13, 3500, 5000, 5000, 245, '2020-03-04 19:03:29', '2020-03-07 05:41:58'),
(397, 'AU222R', 'SPEKER AUDIOMAX AU-222R', 18, 100000, 125000, 110000, 3, '2020-03-04 23:46:29', '2020-03-04 23:46:29'),
(398, 'EMOJI', 'BONEKA EMOJI GOYANG', 28, 5000, 10000, 10000, 64, '2020-03-04 23:49:08', '2020-03-07 05:26:24'),
(399, 'KA2,2', 'KABEL AUDIO 2,2', 12, 10000, 15000, 15000, 8, '2020-03-04 23:50:01', '2020-03-04 23:50:01'),
(400, 'MH', 'MAGIC HOLDER', 13, 7000, 10000, 10000, 45, '2020-03-04 23:50:50', '2020-03-07 06:15:42'),
(401, 'CMR5PRO', 'CASE MOTIF REALME 5 PRO', 11, 10000, 20000, 20000, 7, '2020-03-05 00:23:02', '2020-03-05 00:23:02'),
(402, 'CMA9', 'CASE MOTIF OPPO A9', 11, 10000, 20000, 20000, 11, '2020-03-05 00:23:38', '2020-03-05 00:23:38'),
(403, 'CMA37', 'CASE MOTIF OPPO A37', 11, 10000, 20000, 20000, 9, '2020-03-05 00:24:09', '2020-03-07 03:33:35'),
(404, 'CMC2', 'CASE MOTIF REALME C2/AIK', 11, 10000, 20000, 20000, 11, '2020-03-05 00:24:51', '2020-03-07 02:15:26'),
(405, 'CMY12', 'CASE MOTIF VIVO Y19', 11, 10000, 20000, 20000, 9, '2020-03-05 00:25:30', '2020-03-05 00:25:30'),
(406, 'CM4X', 'CASE MOTIF XIOMI 4X', 11, 10000, 20000, 20000, 7, '2020-03-05 00:26:17', '2020-03-07 03:56:39'),
(407, 'CMA5S', 'CASE MOTIF OPPO A5S', 11, 10000, 20000, 20000, 20, '2020-03-05 00:26:53', '2020-03-05 00:26:53'),
(408, 'CMY91C', 'CASE MOTIF VIVO Y91C', 11, 10000, 20000, 20000, 5, '2020-03-05 00:27:45', '2020-03-05 00:27:45'),
(409, 'CMNEO7', 'CASE MOTIF OPPO NEO 7', 11, 10000, 20000, 20000, 2, '2020-03-05 00:29:09', '2020-03-05 00:29:09'),
(410, 'CMA3S', 'CASE MOTIF OPPO A3S', 11, 10000, 20000, 20000, 14, '2020-03-05 00:31:19', '2020-03-05 00:31:19'),
(411, 'CMJ2P', 'CASE MOTIF J2 PRIME', 11, 10000, 20000, 20000, 10, '2020-03-05 00:33:06', '2020-03-05 00:33:06'),
(412, 'CMM20', 'CASE MOTIF SAMSUNG M20', 11, 10000, 20000, 20000, 10, '2020-03-05 00:34:52', '2020-03-05 00:34:52'),
(413, 'CMA10', 'CASE MOTIF SAMSUNG A10', 11, 10000, 20000, 20000, 18, '2020-03-05 00:36:22', '2020-03-05 00:36:22'),
(414, 'CM7A', 'CASE MOTIF XIOMI 7A', 11, 10000, 20000, 20000, 13, '2020-03-05 00:37:02', '2020-03-05 00:37:02'),
(415, 'CM6A', 'CASE MOTIF XIOMI 7A', 11, 10000, 20000, 20000, 6, '2020-03-05 00:37:45', '2020-03-05 00:37:45'),
(416, 'CMY91', 'CASE MOTIF VIVO Y91', 11, 10000, 20000, 20000, 11, '2020-03-05 00:38:20', '2020-03-05 00:38:20'),
(417, 'CMA20S', 'CASE MOTIF SAMSUNG A20S', 11, 10000, 20000, 20000, 6, '2020-03-05 00:39:02', '2020-03-05 00:39:02'),
(418, 'CMA30', 'CASE MOTIF SAMSUNG A30', 11, 10000, 20000, 20000, 13, '2020-03-05 00:39:37', '2020-03-05 00:39:37'),
(419, 'CCC2', 'CASE CARBON C2', 11, 10000, 20000, 20000, 45, '2020-03-05 00:41:27', '2020-03-05 00:41:27'),
(420, 'CCY12', 'CASE CARBON VIVO Y12', 11, 9000, 15000, 15000, 16, '2020-03-05 00:42:55', '2020-03-05 00:42:55'),
(421, 'CCS1PRO', 'CASE CARBON VIVO S1PRO', 11, 9000, 15000, 15000, 7, '2020-03-05 00:44:25', '2020-03-05 00:44:25'),
(422, 'CCY19', 'CASE CARBON VIVO Y19', 11, 9000, 15000, 15000, 19, '2020-03-05 00:45:17', '2020-03-05 00:45:17'),
(423, 'CCY91', 'CASE CARBON Y91', 11, 9000, 15000, 15000, 10, '2020-03-05 00:46:03', '2020-03-05 00:46:03'),
(424, 'CCZ1PRO', 'CASE CARBON Z1PRO', 11, 9000, 15000, 15000, 11, '2020-03-05 00:46:42', '2020-03-05 00:46:42'),
(425, 'AFJ2P', 'AUTO FOKUS J2PRIME', 11, 7000, 15000, 15000, 16, '2020-03-05 00:58:32', '2020-03-05 00:58:32'),
(426, 'AFA5A9', 'AUTO FOKUS OPPO A5/A9', 11, 7000, 15000, 15000, 51, '2020-03-05 01:01:01', '2020-03-05 01:01:01'),
(427, 'AFS1', 'AUTO FOKUS VIVO S1', 11, 7000, 15000, 15000, 9, '2020-03-05 01:02:16', '2020-03-05 01:02:16'),
(428, 'AFY91', 'CASE AUTO FOKUS Y91', 11, 7000, 15000, 15000, 47, '2020-03-05 01:03:03', '2020-03-05 01:03:03'),
(429, 'AF6A', 'CASE AUTO FOKUS XIOMI 6A', 11, 7000, 15000, 15000, 10, '2020-03-05 01:03:35', '2020-03-05 01:03:35'),
(430, 'AF7A', 'CASE AUTO FOKUS XIOMI 7A', 11, 7000, 15000, 15000, 58, '2020-03-05 01:04:12', '2020-03-05 01:04:12'),
(431, 'AFR5', 'CASE AUTO FOKUS REALME 5 PRO', 11, 7000, 15000, 15000, 24, '2020-03-05 01:05:16', '2020-03-05 01:05:16'),
(432, 'AFY12', 'CASE AUTO FOKUS Y12', 11, 7000, 15000, 15000, 46, '2020-03-05 01:06:15', '2020-03-05 01:06:15'),
(433, 'AFY71', 'CASE AUTO FOKUS', 11, 7000, 15000, 15000, 19, '2020-03-05 01:10:57', '2020-03-05 01:10:57'),
(434, 'AFA3S', 'CASE AUTO FOKUS A3S', 11, 7000, 15000, 15000, 16, '2020-03-05 01:12:08', '2020-03-05 01:12:08'),
(435, 'AFA7F9', 'CASE AUTO FOKUS A7/A9', 11, 7000, 15000, 15000, 11, '2020-03-05 01:12:54', '2020-03-05 01:12:54'),
(436, 'AFR3', 'CASE AUTO FOKUS REALME 3', 11, 7000, 15000, 15000, 4, '2020-03-05 01:13:30', '2020-03-07 06:10:34'),
(437, 'AFJ12016', 'CASE AUTO FOKUS J1 2016', 11, 7000, 15000, 15000, 5, '2020-03-05 01:14:06', '2020-03-05 01:14:06'),
(438, 'AFJ6PRIME', 'CASE AUTO FOKUS J6MPRIME', 11, 7000, 15000, 15000, 18, '2020-03-05 01:14:56', '2020-03-05 01:14:56'),
(439, 'AFM10', 'CASE AUTO FOKUS M10', 11, 7000, 15000, 15000, 15, '2020-03-05 01:16:08', '2020-03-05 01:16:08'),
(440, 'AFA20', 'CASE AUTO FOKUS SAMDUNG A20', 11, 7000, 15000, 15000, 22, '2020-03-05 01:16:57', '2020-03-05 01:16:57'),
(441, 'AFA20S', 'CASE SAMSUNG A20S', 11, 7000, 15000, 15000, 22, '2020-03-05 01:17:28', '2020-03-05 01:17:28'),
(442, 'AFM20', 'CASE AUTO FOKUS M20', 11, 7000, 15000, 15000, 13, '2020-03-05 01:18:58', '2020-03-05 01:18:58'),
(443, 'AFA2', 'CASE AUTO FOKUS XIOMI A2', 11, 7000, 15000, 15000, 15, '2020-03-05 01:19:47', '2020-03-05 01:19:47');
INSERT INTO `ref_barang` (`id`, `kode_barcode`, `nama_barang`, `kategori_id`, `harga_beli`, `harga_jual`, `harga_jual_minimum`, `stok`, `created_at`, `updated_at`) VALUES
(444, 'AFA3', 'CASE AUTO FOKUS SAMSUNG A3', 11, 7000, 15000, 15000, 9, '2020-03-05 01:20:29', '2020-03-05 01:20:29'),
(445, 'AFY83', 'CASE AUTO FOKUS VIVO Y83', 11, 7000, 15000, 15000, 14, '2020-03-05 01:21:30', '2020-03-05 01:21:30'),
(446, 'AFNOTE5PRO', 'CASE AUTO FOKUS XIOMI 5PRO', 11, 7000, 15000, 15000, 6, '2020-03-05 01:24:13', '2020-03-05 01:24:13'),
(447, 'AFJ4', 'CASE AUTO FOKUS SAMSUNG J4', 11, 7000, 15000, 15000, 4, '2020-03-05 01:24:57', '2020-03-05 01:24:57'),
(448, 'AFS1PRO', 'CASE AUTO FOKUS S1 PRO', 11, 7000, 15000, 15000, 11, '2020-03-05 01:26:11', '2020-03-05 01:26:11'),
(449, 'AFY19', 'CASE AUTO FOKUS VIVO Y19', 11, 7000, 15000, 15000, 10, '2020-03-05 01:27:20', '2020-03-05 01:27:20'),
(450, 'AFC2', 'CASE AUTO FOKUS C2/A1K', 11, 7000, 15000, 15000, 65, '2020-03-05 01:28:04', '2020-03-05 01:28:04'),
(451, 'AFY91C', 'CASE AUTO FOKUS VIVO Y91C', 11, 7000, 15000, 15000, 19, '2020-03-05 01:28:47', '2020-03-06 23:53:09'),
(452, 'AFA10S', 'CASE AUTO FOKUS SAMSUNG A10S', 11, 7000, 15000, 15000, 44, '2020-03-05 01:29:43', '2020-03-05 01:29:43'),
(453, 'AFA5S', 'CASE AUTO FOKUS OPPO A5S', 11, 7000, 15000, 15000, 19, '2020-03-05 01:44:06', '2020-03-05 01:44:06'),
(454, 'AFJ1ACE', 'CASE AUTO FOKUS J1 ACE', 11, 7000, 15000, 15000, 4, '2020-03-05 01:44:43', '2020-03-05 01:44:43'),
(455, 'AFNEO7', 'CASE AUTO FOKUS OPPO NEO 7', 11, 7000, 15000, 15000, 20, '2020-03-05 01:45:36', '2020-03-05 01:45:36'),
(456, 'AF5X', 'CASE AUTO FOKUS XIOMI 5X', 11, 7000, 15000, 15000, 7, '2020-03-05 01:46:23', '2020-03-05 01:46:23'),
(457, 'CRNOTE7', 'CASE ROBOT XIOMI NOTE 7', 11, 20000, 30000, 30000, 1, '2020-03-05 01:47:52', '2020-03-05 01:47:52'),
(458, 'CRA5', 'CASE ROBOT OPPO A5/A9', 11, 20000, 30000, 30000, 5, '2020-03-05 01:48:36', '2020-03-05 01:48:36'),
(459, 'CRA1K', 'CASE ROBOT OPPO C2/A1K', 11, 20000, 30000, 30000, 1, '2020-03-05 01:49:29', '2020-03-05 01:49:29'),
(460, 'CRA10S', 'CASE ROBOT SAMSUNG A10S', 11, 20000, 30000, 30000, 5, '2020-03-05 01:50:04', '2020-03-05 01:50:04'),
(461, 'CRY91C', 'CASE ROBOT VIVO Y91C', 11, 20000, 30000, 30000, 7, '2020-03-05 01:51:29', '2020-03-05 01:51:29'),
(462, 'CRNOTE8', 'CASE ROBOT XIOMI NOTE 8', 11, 20000, 30000, 30000, 6, '2020-03-05 01:52:07', '2020-03-05 01:52:07'),
(463, 'CRJ2P', 'CASE ROBOT SAMSUNG J2 PRIME', 11, 20000, 30000, 30000, 1, '2020-03-05 01:52:42', '2020-03-05 01:52:42'),
(464, 'CRA5S', 'CASE ROBOT OPPO A5S', 11, 20000, 30000, 30000, 7, '2020-03-05 01:53:53', '2020-03-07 01:05:15'),
(465, 'CRY91', 'CASE ROBOT VIVO Y91', 11, 20000, 30000, 30000, 4, '2020-03-05 01:54:33', '2020-03-05 01:54:33'),
(466, 'CDA10S', 'CASE DOMPET SAMSUNG A10S', 11, 30000, 45000, 40000, 3, '2020-03-05 01:55:47', '2020-03-05 01:55:47'),
(467, 'CDY91C', 'CASE DOMPET VIVO Y91C', 11, 30000, 45000, 40000, 4, '2020-03-05 01:56:27', '2020-03-05 01:56:27'),
(468, 'CDA3S', 'CASE DOMPET OPPO A3S', 11, 30000, 45000, 40000, 5, '2020-03-05 01:57:03', '2020-03-05 01:57:03'),
(469, 'CDA1K', 'CASE DOMPET OPPO A1K C2', 11, 30000, 45000, 40000, 5, '2020-03-05 01:57:49', '2020-03-05 01:57:49'),
(470, 'CDJ2P', 'CASE DOMPET SAMSUNG J2 PRIME', 11, 30000, 45000, 40000, 3, '2020-03-05 01:58:48', '2020-03-05 01:58:48'),
(471, 'CDA5', 'CASE DOMPET OPPO A5 A9', 11, 30000, 45000, 40000, 3, '2020-03-05 01:59:22', '2020-03-05 01:59:22'),
(472, 'CDS1PRO', 'CASE DOMPET VIVO S1 PRO', 11, 30000, 45000, 40000, 2, '2020-03-05 01:59:54', '2020-03-05 01:59:54'),
(473, 'CMBF9', 'CASE MATTLE BLACK OPPO F9', 11, 20, 10000, 10000, 20, '2020-03-05 02:00:51', '2020-03-05 02:00:51'),
(474, 'CMBA83', 'CASE MATTLE BLACK OPPO A83', 11, 3000, 10000, 10000, 25, '2020-03-05 02:01:55', '2020-03-05 02:01:55'),
(475, 'CMBNOTE5', 'CASE MATTLE BLACK XIOMI NOTE 5', 11, 3000, 10000, 10000, 10, '2020-03-05 02:02:28', '2020-03-05 02:02:28'),
(476, 'YS65', 'MIC BLUETOOTH YS65', 20, 210000, 250000, 235000, 3, '2020-03-05 02:05:33', '2020-03-05 02:05:33'),
(477, 'YS66', 'MIC BLUETOOTH YS66', 20, 210000, 250000, 235000, 6, '2020-03-05 02:06:10', '2020-03-05 02:06:10'),
(478, '3110', 'TRIPOD 3110', 21, 45000, 65000, 60000, 6, '2020-03-05 02:06:42', '2020-03-05 02:06:42'),
(479, '6971548131409', 'SPEKER ROBOT R170', 18, 78000, 95000, 85000, 4, '2020-03-05 02:09:23', '2020-03-05 02:09:23'),
(480, 'BS-LX02', 'SPEKER LAOLEXS BS-LX02', 18, 298000, 350000, 320000, 3, '2020-03-05 02:10:56', '2020-03-05 02:10:56'),
(481, '6950854000661', 'HEADSET VYKON', 3, 75000, 85000, 80000, 8, '2020-03-05 02:19:15', '2020-03-05 02:19:15'),
(482, 'KDTOPLESWC', 'KABEL DATA TOPLES WELLCOMM', 6, 8000, 15000, 15000, 248, '2020-03-06 19:10:26', '2020-03-06 19:27:47'),
(483, 'N70', 'TC NOKIA EKO', 4, 11000, 20000, 20000, 13, '2020-03-06 19:24:15', '2020-03-06 19:24:15'),
(484, 'D880', 'TC SAMSUNG D880', 4, 12000, 20000, 20000, 1, '2020-03-06 19:24:56', '2020-03-07 06:19:52'),
(485, '7210', 'TC NOKIA EKO', 4, 11000, 20000, 20000, 19, '2020-03-06 19:25:31', '2020-03-06 19:25:31'),
(486, 'MINI', 'TC MINI USB', 4, 14000, 20000, 20000, 13, '2020-03-06 19:26:22', '2020-03-06 19:26:22'),
(487, 'KDTOPLESVGEN', 'KABEL DATA TOPLES VGEN', 6, 10000, 20000, 20000, 50, '2020-03-06 19:35:41', '2020-03-06 19:35:41'),
(488, 'KDTOPLESFOOMEE', 'KABEL DATA TOPLE FOOMEE', 6, 8000, 15000, 15000, 15, '2020-03-06 19:38:12', '2020-03-06 19:38:12'),
(489, 'KDTOPLESVIVAN', 'KABEL DATA TOPLES VIVAN', 6, 8000, 15000, 15000, 48, '2020-03-06 19:39:07', '2020-03-06 19:39:07'),
(490, 'KDJBLTOPLES', 'KABEL DATA JBL', 6, 7000, 15000, 15000, 184, '2020-03-06 19:39:46', '2020-03-06 19:45:04'),
(491, 'GH39-0158/B', 'HEADSET SAMSUNG ORI TOPLES', 3, 10000, 20000, 20000, 186, '2020-03-06 19:43:06', '2020-03-07 06:04:21'),
(492, '004994', 'TC NOKIA 6101', 4, 8000, 20000, 20000, 11, '2020-03-06 19:44:17', '2020-03-06 19:44:17'),
(493, '6930221001576', 'KABEL DATA FOOMEE NA10S', 6, 11000, 20000, 15000, 123, '2020-03-06 19:49:48', '2020-03-07 01:45:15'),
(494, 'CR', 'CARD READER', 23, 4000, 10000, 10000, 58, '2020-03-06 19:50:39', '2020-03-06 19:50:39'),
(495, '6930352001361', 'HEADSET TOPLES FOOMEE', 3, 11000, 20000, 20000, 57, '2020-03-06 19:51:50', '2020-03-06 19:51:50'),
(496, 'G10', 'HEADSET BLUETOOTH ROBOT G10', 3, 112000, 165000, 150000, 10, '2020-03-06 19:54:50', '2020-03-06 19:54:50'),
(497, 'G20', 'HEADSET ROBOT G20', 3, 129, 175000, 160000, 5, '2020-03-06 19:55:46', '2020-03-06 19:55:46'),
(498, '6971548132765', 'RING ROBOT RT-BR07', 13, 7600, 15000, 15000, 20, '2020-03-06 19:56:59', '2020-03-06 19:56:59'),
(499, 'T101BT', 'SPEKER BT ADVAN T101-BT', 18, 215000, 275000, 250000, 6, '2020-03-06 19:58:46', '2020-03-06 19:58:46'),
(500, 'T102BT', 'SPEKER ADVAN BT T102BT', 18, 290000, 350000, 335000, 2, '2020-03-06 20:00:01', '2020-03-06 20:00:01'),
(501, 'T101KF', 'SPEKER ADVAN T101KF', 18, 190000, 250000, 220000, 1, '2020-03-06 20:00:51', '2020-03-06 20:00:51'),
(502, 'M310BT', 'SPEKER ADVAN M310BT', 18, 427000, 550000, 500000, 1, '2020-03-06 20:02:06', '2020-03-06 20:02:06'),
(503, 'M260BT', 'SPEKER ADVAN BT M260BT', 18, 365000, 450000, 420000, 2, '2020-03-06 20:03:11', '2020-03-06 20:03:11'),
(504, 'NT4', 'HEADSET NEW TECH NT-4', 3, 35000, 45000, 40000, 3, '2020-03-06 20:04:05', '2020-03-06 20:04:05'),
(505, 'GT', 'GURITA', 13, 2500, 5000, 5000, 284, '2020-03-06 20:05:11', '2020-03-07 02:18:22'),
(506, 'HFOPPO', 'HEADSET ORI OPPO', 3, 18000, 45000, 40000, 29, '2020-03-06 20:07:31', '2020-03-07 05:41:25'),
(507, '6930113001761', 'ADAPTOR TC FOOMEE', 27, 18000, 35000, 30000, 37, '2020-03-06 20:11:30', '2020-03-06 20:11:30'),
(508, 'KA', 'KABEL AUDIO 1,1 TOPLES', 12, 5000, 10000, 10000, 50, '2020-03-06 21:44:45', '2020-03-06 21:44:45'),
(509, 'A92020', 'OPPO A9 SCOND', 36, 2450000, 2750000, 2600000, 1, '2020-03-06 22:07:44', '2020-03-06 22:07:44'),
(510, 'A10S', 'SAMSUNG A10S', 36, 1150000, 1350000, 1300000, 1, '2020-03-06 22:08:45', '2020-03-06 22:08:45'),
(511, 'C1', 'REALME C1', 36, 1000000, 1150000, 1100000, 0, '2020-03-06 22:11:31', '2020-03-07 06:35:47'),
(512, '4I', 'XIOMI 4I', 36, 800000, 850000, 850000, 1, '2020-03-06 22:14:43', '2020-03-06 22:14:43'),
(513, 'A3S1', 'OPPO A3S 1 3/32', 36, 1250000, 1400000, 1350000, 1, '2020-03-06 22:16:56', '2020-03-06 22:16:56'),
(514, 'Y911', 'VIVO Y93 1', 36, 1250000, 1400000, 1350000, 1, '2020-03-06 22:18:12', '2020-03-06 22:18:12'),
(515, 'A6+1', 'SAMSUNG A6+', 36, 1700000, 1800000, 1750000, 1, '2020-03-06 22:20:41', '2020-03-06 22:20:41'),
(516, 'Y91C1', 'VIVO Y91C 1', 36, 1000000, 1200000, 1150000, 0, '2020-03-06 22:21:29', '2020-03-07 02:16:38'),
(517, 'A3S2', 'OPPO A3S 2 3/32', 36, 1220000, 1350000, 1300000, 0, '2020-03-06 22:22:48', '2020-03-07 04:26:01'),
(518, 'A3S3', 'OPPO A3S 3 2/16', 36, 1070000, 1250000, 1200000, 1, '2020-03-06 22:24:01', '2020-03-06 22:24:01'),
(519, 'C21', 'REALME C21 3/32', 36, 1200000, 1300000, 1300000, 1, '2020-03-06 22:26:56', '2020-03-06 22:26:56'),
(520, '4A1', 'XIOMI 4A1', 36, 700000, 800000, 800000, 0, '2020-03-06 22:28:31', '2020-03-06 23:30:55'),
(521, 'LAVA1', 'LAVA', 36, 600000, 650000, 650000, 1, '2020-03-06 22:29:12', '2020-03-06 22:29:12'),
(522, 'LAVA2', 'LAVA 2', 36, 650000, 600000, 600000, 1, '2020-03-06 22:29:39', '2020-03-06 22:29:39'),
(523, '8992761164546', 'NUTRI BOOST', 30, 5000, 8000, 8000, 6, '2020-03-06 22:33:03', '2020-03-06 22:33:03'),
(524, '8992761166038', 'PULPY', 30, 4500, 7000, 7000, 12, '2020-03-06 22:34:38', '2020-03-06 22:34:38'),
(525, '8992761164591', 'MINUTE MAID', 30, 4500, 7000, 7000, 8, '2020-03-06 22:35:49', '2020-03-06 22:35:49'),
(526, '8992761145026', 'SPRITE KECIL', 30, 3000, 4000, 4000, 13, '2020-03-06 22:37:53', '2020-03-07 03:38:58'),
(527, '8992761002022', 'SPRITE BESAR', 30, 4500, 6000, 6000, 30, '2020-03-06 22:39:46', '2020-03-06 22:39:46'),
(528, '8992761145033', 'FANTA KECIL', 30, 3000, 4000, 4000, 11, '2020-03-06 22:41:06', '2020-03-06 22:41:06'),
(529, '8992761002039', 'FANTA BESAR', 30, 4000, 6000, 6000, 30, '2020-03-06 22:42:44', '2020-03-06 22:43:18'),
(530, '8992761166212', 'FRESTEA BOTOL', 30, 3500, 5000, 5000, 12, '2020-03-06 22:45:54', '2020-03-07 04:30:55'),
(531, '8992761122324', 'FRESTEA BESAR', 30, 4850, 6000, 6000, 4, '2020-03-06 22:48:27', '2020-03-06 22:48:27'),
(532, '8992761150976', 'FRESTEA KOTAK', 30, 1500, 3000, 3000, 62, '2020-03-06 22:52:33', '2020-03-07 05:41:58'),
(533, '8992761139018', 'ADES', 30, 2070, 4000, 4000, 17, '2020-03-06 22:57:25', '2020-03-06 22:57:25'),
(534, '6941059636427', 'XIOMI 8A 2/32', 10, 1330000, 1450000, 1400000, 9, '2020-03-07 01:51:47', '2020-03-07 01:51:47'),
(535, 'SIMP', 'SIMPATI', 16, 12000, 20000, 20000, 43, '2020-03-07 05:13:29', '2020-03-07 05:13:29'),
(536, 'AS', 'PERDANA AS', 16, 7000, 20000, 20000, 73, '2020-03-07 05:14:14', '2020-03-07 05:14:14');

-- --------------------------------------------------------

--
-- Table structure for table `ref_distributor`
--

CREATE TABLE `ref_distributor` (
  `id` tinyint(4) NOT NULL,
  `nama` varchar(100) COLLATE utf8mb4_unicode_ci NOT NULL,
  `alamat` varchar(255) COLLATE utf8mb4_unicode_ci NOT NULL,
  `no_hp` varchar(13) COLLATE utf8mb4_unicode_ci NOT NULL,
  `created_at` timestamp NULL DEFAULT NULL,
  `updated_at` timestamp NULL DEFAULT NULL
) ENGINE=InnoDB DEFAULT CHARSET=utf8mb4 COLLATE=utf8mb4_unicode_ci;

--
-- Dumping data for table `ref_distributor`
--

INSERT INTO `ref_distributor` (`id`, `nama`, `alamat`, `no_hp`, `created_at`, `updated_at`) VALUES
(1, 'SIDDIK', 'Medan', '-', '2020-02-26 17:09:22', '2020-02-26 17:09:22');

-- --------------------------------------------------------

--
-- Table structure for table `ref_kategori`
--

CREATE TABLE `ref_kategori` (
  `id` smallint(4) NOT NULL,
  `kategori` varchar(255) NOT NULL,
  `created_at` timestamp NOT NULL DEFAULT CURRENT_TIMESTAMP ON UPDATE CURRENT_TIMESTAMP,
  `updated_at` timestamp NOT NULL DEFAULT '0000-00-00 00:00:00'
) ENGINE=InnoDB DEFAULT CHARSET=latin1;

--
-- Dumping data for table `ref_kategori`
--

INSERT INTO `ref_kategori` (`id`, `kategori`, `created_at`, `updated_at`) VALUES
(1, 'Kartu Paket', '2020-02-26 02:04:00', '2020-02-26 17:04:00'),
(2, 'Headset Bluetooth', '2020-02-27 01:11:08', '2020-02-27 16:11:08'),
(3, 'Headset', '2020-02-27 16:10:51', '2020-02-27 16:10:51'),
(4, 'Charger', '2020-02-27 16:11:17', '2020-02-27 16:11:17'),
(5, 'Kotak Musik', '2020-02-27 16:11:41', '2020-02-27 16:11:41'),
(6, 'Kabel Data', '2020-02-27 16:12:02', '2020-02-27 16:12:02'),
(7, 'Car Holder', '2020-02-27 16:12:39', '2020-02-27 16:12:39'),
(8, 'Flash Disk', '2020-02-27 16:13:07', '2020-02-27 16:13:07'),
(9, 'Batteray', '2020-02-27 01:13:38', '2020-02-27 16:13:38'),
(10, 'Handphone', '2020-02-27 16:14:13', '2020-02-27 16:14:13'),
(11, 'Case', '2020-02-27 16:14:21', '2020-02-27 16:14:21'),
(12, 'Kabel Audio', '2020-02-27 16:14:54', '2020-02-27 16:14:54'),
(13, 'Ring', '2020-02-27 16:15:05', '2020-02-27 16:15:05'),
(14, 'Powerbank', '2020-02-27 16:15:34', '2020-02-27 16:15:34'),
(15, 'Parfume', '2020-02-27 16:15:56', '2020-02-27 16:15:56'),
(16, 'Perdana', '2020-02-27 16:16:15', '2020-02-27 16:16:15'),
(17, 'Voucher', '2020-02-27 16:16:37', '2020-02-27 16:16:37'),
(18, 'Speaker', '2020-02-27 16:16:58', '2020-02-27 16:16:58'),
(19, 'Sparepart', '2020-02-27 16:17:14', '2020-02-27 16:17:14'),
(20, 'Mic Bluetooth', '2020-02-27 20:18:08', '2020-02-27 20:18:08'),
(21, 'Tongsis', '2020-02-27 20:19:03', '2020-02-27 20:19:03'),
(22, 'Anti gores', '2020-02-27 20:21:48', '2020-02-27 20:21:48'),
(23, 'card reader', '2020-02-27 20:22:37', '2020-02-27 20:22:37'),
(24, 'VOUCER DATA', '2020-02-27 20:30:08', '2020-02-27 20:30:08'),
(25, 'jam Anak', '2020-02-27 23:12:34', '2020-02-27 23:12:34'),
(26, 'Jam xiomi', '2020-02-27 23:12:53', '2020-02-27 23:12:53'),
(27, 'Kepala cas', '2020-02-27 23:15:20', '2020-02-27 23:15:20'),
(28, 'boneka', '2020-03-04 08:47:54', '2020-03-04 23:47:54'),
(29, 'botol minum', '2020-02-27 23:25:13', '2020-02-27 23:25:13'),
(30, 'Minuman', '2020-02-27 23:29:48', '2020-02-27 23:29:48'),
(31, 'Handphone Scond', '2020-02-27 23:30:12', '2020-02-27 23:30:12'),
(32, 'CHARGER MOBIL', '2020-02-28 19:59:37', '2020-02-28 19:59:37'),
(33, 'KIPAS', '2020-02-29 22:33:51', '2020-02-29 22:33:51'),
(34, 'stick game', '2020-03-01 19:10:18', '2020-03-01 19:10:18'),
(35, 'MEMORY', '2020-03-04 18:23:55', '2020-03-04 18:23:55'),
(36, 'HP SCOND', '2020-03-06 22:04:43', '2020-03-06 22:04:43');

-- --------------------------------------------------------

--
-- Table structure for table `ref_operator_pulsa`
--

CREATE TABLE `ref_operator_pulsa` (
  `id` int(10) UNSIGNED NOT NULL,
  `operator` varchar(20) COLLATE utf8mb4_unicode_ci NOT NULL,
  `created_at` timestamp NULL DEFAULT NULL,
  `updated_at` timestamp NULL DEFAULT NULL
) ENGINE=InnoDB DEFAULT CHARSET=utf8mb4 COLLATE=utf8mb4_unicode_ci;

-- --------------------------------------------------------

--
-- Table structure for table `ref_pelanggan`
--

CREATE TABLE `ref_pelanggan` (
  `id` tinyint(4) NOT NULL,
  `nama` varchar(100) COLLATE utf8mb4_unicode_ci NOT NULL,
  `alamat` varchar(255) COLLATE utf8mb4_unicode_ci NOT NULL,
  `no_hp` varchar(13) COLLATE utf8mb4_unicode_ci NOT NULL,
  `created_at` timestamp NULL DEFAULT NULL,
  `updated_at` timestamp NULL DEFAULT NULL
) ENGINE=InnoDB DEFAULT CHARSET=utf8mb4 COLLATE=utf8mb4_unicode_ci;

-- --------------------------------------------------------

--
-- Table structure for table `ta_detail_pembelian`
--

CREATE TABLE `ta_detail_pembelian` (
  `id` int(10) NOT NULL,
  `no_pembelian` varchar(20) COLLATE utf8mb4_unicode_ci NOT NULL,
  `barang_id` int(10) NOT NULL,
  `qty` int(11) NOT NULL,
  `harga` double NOT NULL,
  `sub_total` double NOT NULL,
  `created_at` timestamp NULL DEFAULT NULL,
  `updated_at` timestamp NULL DEFAULT NULL
) ENGINE=InnoDB DEFAULT CHARSET=utf8mb4 COLLATE=utf8mb4_unicode_ci;

--
-- Dumping data for table `ta_detail_pembelian`
--

INSERT INTO `ta_detail_pembelian` (`id`, `no_pembelian`, `barang_id`, `qty`, `harga`, `sub_total`, `created_at`, `updated_at`) VALUES
(1, 'PB-00000001', 1, 100, 15000, 1500000, '2020-02-26 17:11:02', '2020-02-26 17:11:02');

-- --------------------------------------------------------

--
-- Table structure for table `ta_detail_penjualan`
--

CREATE TABLE `ta_detail_penjualan` (
  `id` int(10) NOT NULL,
  `ta_penjualan_id` int(10) NOT NULL,
  `no_penjualan` varchar(20) COLLATE utf8mb4_unicode_ci NOT NULL,
  `barang_id` int(10) NOT NULL,
  `qty` int(11) NOT NULL,
  `harga` double NOT NULL,
  `sub_total` double NOT NULL,
  `created_at` timestamp NULL DEFAULT NULL,
  `updated_at` timestamp NULL DEFAULT NULL
) ENGINE=InnoDB DEFAULT CHARSET=utf8mb4 COLLATE=utf8mb4_unicode_ci;

--
-- Dumping data for table `ta_detail_penjualan`
--

INSERT INTO `ta_detail_penjualan` (`id`, `ta_penjualan_id`, `no_penjualan`, `barang_id`, `qty`, `harga`, `sub_total`, `created_at`, `updated_at`) VALUES
(1, 1, 'PJ-00000001', 520, 1, 800000, 800000, '2020-03-06 23:30:55', '2020-03-06 23:30:55'),
(2, 2, 'PJ-00000002', 32, 1, 75000, 75000, '2020-03-06 23:39:05', '2020-03-06 23:39:05'),
(3, 3, 'PJ-00000003', 30, 1, 35000, 35000, '2020-03-06 23:46:55', '2020-03-06 23:46:55'),
(4, 4, 'PJ-00000004', 451, 1, 15000, 15000, '2020-03-06 23:53:08', '2020-03-06 23:53:08'),
(5, 5, 'PJ-00000005', 271, 1, 15000, 15000, '2020-03-07 00:04:00', '2020-03-07 00:04:00'),
(6, 6, 'PJ-00000006', 12, 1, 35000, 35000, '2020-03-07 00:05:25', '2020-03-07 00:05:25'),
(7, 7, 'PJ-00000007', 9, 1, 10000, 10000, '2020-03-07 00:06:35', '2020-03-07 00:06:35'),
(8, 8, 'PJ-00000008', 6, 1, 30000, 30000, '2020-03-07 00:07:27', '2020-03-07 00:07:27'),
(9, 9, 'PJ-00000009', 23, 1, 20000, 20000, '2020-03-07 00:22:30', '2020-03-07 00:22:30'),
(10, 10, 'PJ-00000010', 22, 1, 17000, 17000, '2020-03-07 00:26:43', '2020-03-07 00:26:43'),
(11, 11, 'PJ-00000011', 22, 1, 17000, 17000, '2020-03-07 00:27:35', '2020-03-07 00:27:35'),
(12, 12, 'PJ-00000012', 21, 1, 12000, 12000, '2020-03-07 00:35:26', '2020-03-07 00:35:26'),
(13, 13, 'PJ-00000013', 24, 1, 17000, 17000, '2020-03-07 00:42:14', '2020-03-07 00:42:14'),
(14, 14, 'PJ-00000014', 24, 1, 17000, 17000, '2020-03-07 00:50:17', '2020-03-07 00:50:17'),
(15, 15, 'PJ-00000015', 6, 1, 30000, 30000, '2020-03-07 00:58:10', '2020-03-07 00:58:10'),
(16, 16, 'PJ-00000016', 464, 1, 30000, 30000, '2020-03-07 01:05:15', '2020-03-07 01:05:15'),
(17, 17, 'PJ-00000017', 28, 1, 75000, 75000, '2020-03-07 01:07:32', '2020-03-07 01:07:32'),
(18, 18, 'PJ-00000018', 21, 2, 12000, 24000, '2020-03-07 01:16:07', '2020-03-07 01:16:07'),
(19, 19, 'PJ-00000019', 28, 1, 75000, 75000, '2020-03-07 01:20:49', '2020-03-07 01:20:49'),
(20, 20, 'PJ-00000020', 23, 1, 20000, 20000, '2020-03-07 01:25:09', '2020-03-07 01:25:09'),
(21, 21, 'PJ-00000021', 18, 1, 45000, 45000, '2020-03-07 01:28:17', '2020-03-07 01:28:17'),
(22, 22, 'PJ-00000022', 54, 1, 1430000, 1430000, '2020-03-07 01:43:57', '2020-03-07 01:43:57'),
(23, 23, 'PJ-00000023', 493, 1, 15000, 15000, '2020-03-07 01:45:15', '2020-03-07 01:45:15'),
(24, 24, 'PJ-00000024', 23, 2, 20000, 40000, '2020-03-07 01:45:55', '2020-03-07 01:45:55'),
(25, 25, 'PJ-00000025', 30, 1, 35000, 35000, '2020-03-07 01:46:18', '2020-03-07 01:46:18'),
(26, 26, 'PJ-00000026', 2, 1, 25000, 25000, '2020-03-07 02:12:59', '2020-03-07 02:12:59'),
(27, 27, 'PJ-00000027', 350, 1, 25000, 25000, '2020-03-07 02:15:26', '2020-03-07 02:15:26'),
(28, 27, 'PJ-00000027', 404, 1, 20000, 20000, '2020-03-07 02:15:26', '2020-03-07 02:15:26'),
(29, 28, 'PJ-00000028', 516, 1, 1150000, 1150000, '2020-03-07 02:16:38', '2020-03-07 02:16:38'),
(30, 29, 'PJ-00000029', 505, 1, 5000, 5000, '2020-03-07 02:18:22', '2020-03-07 02:18:22'),
(31, 30, 'PJ-00000030', 6, 2, 30000, 60000, '2020-03-07 02:22:44', '2020-03-07 02:22:44'),
(32, 31, 'PJ-00000031', 33, 1, 55000, 55000, '2020-03-07 02:25:05', '2020-03-07 02:25:05'),
(33, 32, 'PJ-00000032', 11, 2, 24000, 48000, '2020-03-07 03:09:07', '2020-03-07 03:09:07'),
(34, 33, 'PJ-00000033', 30, 1, 35000, 35000, '2020-03-07 03:14:52', '2020-03-07 03:14:52'),
(35, 33, 'PJ-00000033', 32, 1, 75000, 75000, '2020-03-07 03:14:53', '2020-03-07 03:14:53'),
(36, 34, 'PJ-00000034', 32, 1, 75000, 75000, '2020-03-07 03:32:46', '2020-03-07 03:32:46'),
(37, 35, 'PJ-00000035', 22, 1, 17000, 17000, '2020-03-07 03:33:55', '2020-03-07 03:33:55'),
(38, 36, 'PJ-00000036', 526, 1, 4000, 4000, '2020-03-07 03:38:58', '2020-03-07 03:38:58'),
(39, 37, 'PJ-00000037', 367, 1, 25000, 25000, '2020-03-07 03:40:38', '2020-03-07 03:40:38'),
(40, 38, 'PJ-00000038', 6, 1, 30000, 30000, '2020-03-07 03:42:23', '2020-03-07 03:42:23'),
(41, 38, 'PJ-00000038', 7, 2, 45000, 90000, '2020-03-07 03:42:23', '2020-03-07 03:42:23'),
(42, 39, 'PJ-00000039', 107, 1, 30000, 30000, '2020-03-07 03:56:39', '2020-03-07 03:56:39'),
(43, 39, 'PJ-00000039', 6, 1, 30000, 30000, '2020-03-07 03:56:39', '2020-03-07 03:56:39'),
(44, 39, 'PJ-00000039', 406, 1, 20000, 20000, '2020-03-07 03:56:39', '2020-03-07 03:56:39'),
(45, 40, 'PJ-00000040', 32, 1, 75000, 75000, '2020-03-07 03:59:27', '2020-03-07 03:59:27'),
(46, 41, 'PJ-00000041', 271, 1, 15000, 15000, '2020-03-07 04:12:00', '2020-03-07 04:12:00'),
(47, 42, 'PJ-00000042', 24, 1, 17000, 17000, '2020-03-07 04:17:41', '2020-03-07 04:17:41'),
(48, 43, 'PJ-00000043', 517, 1, 1300000, 1300000, '2020-03-07 04:26:01', '2020-03-07 04:26:01'),
(49, 44, 'PJ-00000044', 6, 1, 30000, 30000, '2020-03-07 04:26:37', '2020-03-07 04:26:37'),
(50, 45, 'PJ-00000045', 530, 1, 5000, 5000, '2020-03-07 04:30:55', '2020-03-07 04:30:55'),
(51, 45, 'PJ-00000045', 532, 1, 3000, 3000, '2020-03-07 04:30:56', '2020-03-07 04:30:56'),
(52, 46, 'PJ-00000046', 9, 1, 10000, 10000, '2020-03-07 04:32:45', '2020-03-07 04:32:45'),
(53, 47, 'PJ-00000047', 395, 1, 15000, 15000, '2020-03-07 04:37:50', '2020-03-07 04:37:50'),
(54, 48, 'PJ-00000048', 32, 2, 75000, 150000, '2020-03-07 04:39:38', '2020-03-07 04:39:38'),
(55, 49, 'PJ-00000049', 25, 1, 35000, 35000, '2020-03-07 04:39:56', '2020-03-07 04:39:56'),
(56, 50, 'PJ-00000050', 155, 1, 50000, 50000, '2020-03-07 04:48:49', '2020-03-07 04:48:49'),
(57, 51, 'PJ-00000051', 32, 1, 75000, 75000, '2020-03-07 04:49:48', '2020-03-07 04:49:48'),
(58, 52, 'PJ-00000052', 18, 1, 45000, 45000, '2020-03-07 04:53:46', '2020-03-07 04:53:46'),
(59, 52, 'PJ-00000052', 28, 1, 75000, 75000, '2020-03-07 04:53:46', '2020-03-07 04:53:46'),
(60, 53, 'PJ-00000053', 29, 1, 15000, 15000, '2020-03-07 05:13:10', '2020-03-07 05:13:10'),
(61, 53, 'PJ-00000053', 4, 1, 1500000, 1500000, '2020-03-07 05:13:10', '2020-03-07 05:13:10'),
(62, 54, 'PJ-00000054', 33, 1, 55000, 55000, '2020-03-07 05:13:46', '2020-03-07 05:13:46'),
(63, 54, 'PJ-00000054', 26, 1, 45000, 45000, '2020-03-07 05:13:46', '2020-03-07 05:13:46'),
(64, 55, 'PJ-00000055', 198, 1, 200000, 200000, '2020-03-07 05:26:23', '2020-03-07 05:26:23'),
(65, 55, 'PJ-00000055', 398, 1, 10000, 10000, '2020-03-07 05:26:23', '2020-03-07 05:26:23'),
(66, 55, 'PJ-00000055', 267, 1, 60000, 60000, '2020-03-07 05:26:24', '2020-03-07 05:26:24'),
(67, 55, 'PJ-00000055', 267, 1, 60000, 60000, '2020-03-07 05:26:24', '2020-03-07 05:26:24'),
(68, 55, 'PJ-00000055', 4, 1, 1600000, 1600000, '2020-03-07 05:26:24', '2020-03-07 05:26:24'),
(69, 56, 'PJ-00000056', 32, 2, 75000, 150000, '2020-03-07 05:31:25', '2020-03-07 05:31:25'),
(70, 57, 'PJ-00000057', 13, 1, 15000, 15000, '2020-03-07 05:39:55', '2020-03-07 05:39:55'),
(71, 57, 'PJ-00000057', 11, 1, 24000, 24000, '2020-03-07 05:39:56', '2020-03-07 05:39:56'),
(72, 57, 'PJ-00000057', 6, 1, 30000, 30000, '2020-03-07 05:39:56', '2020-03-07 05:39:56'),
(73, 58, 'PJ-00000058', 506, 1, 40000, 40000, '2020-03-07 05:41:25', '2020-03-07 05:41:25'),
(74, 59, 'PJ-00000059', 532, 1, 3000, 3000, '2020-03-07 05:42:39', '2020-03-07 05:42:39'),
(75, 60, 'PJ-00000060', 144, 1, 99000, 99000, '2020-03-07 05:46:13', '2020-03-07 05:46:13'),
(76, 61, 'PJ-00000061', 30, 1, 35000, 35000, '2020-03-07 05:59:30', '2020-03-07 05:59:30'),
(77, 62, 'PJ-00000062', 166, 1, 45000, 45000, '2020-03-07 05:41:58', '2020-03-07 05:41:58'),
(78, 62, 'PJ-00000062', 396, 1, 8000, 8000, '2020-03-07 05:41:58', '2020-03-07 05:41:58'),
(79, 62, 'PJ-00000062', 532, 1, 3000, 3000, '2020-03-07 05:41:58', '2020-03-07 05:41:58'),
(80, 63, 'PJ-00000063', 29, 1, 15000, 15000, '2020-03-07 05:42:34', '2020-03-07 05:42:34'),
(81, 64, 'PJ-00000064', 24, 2, 17000, 34000, '2020-03-07 06:04:20', '2020-03-07 06:04:20'),
(82, 64, 'PJ-00000064', 23, 2, 20000, 40000, '2020-03-07 06:04:20', '2020-03-07 06:04:20'),
(83, 64, 'PJ-00000064', 491, 1, 20000, 20000, '2020-03-07 06:04:20', '2020-03-07 06:04:20'),
(84, 65, 'PJ-00000065', 436, 1, 15000, 15000, '2020-03-07 06:10:34', '2020-03-07 06:10:34'),
(85, 66, 'PJ-00000066', 400, 1, 10000, 10000, '2020-03-07 06:15:42', '2020-03-07 06:15:42'),
(86, 67, 'PJ-00000067', 484, 1, 20000, 20000, '2020-03-07 06:19:52', '2020-03-07 06:19:52'),
(87, 68, 'PJ-00000068', 9, 1, 10000, 10000, '2020-03-07 06:33:23', '2020-03-07 06:33:23'),
(88, 69, 'PJ-00000069', 511, 1, 1150000, 1150000, '2020-03-07 06:35:47', '2020-03-07 06:35:47');

-- --------------------------------------------------------

--
-- Table structure for table `ta_history_barang`
--

CREATE TABLE `ta_history_barang` (
  `id` int(11) NOT NULL,
  `barang_id` int(10) NOT NULL,
  `qty` smallint(6) NOT NULL,
  `stok` smallint(6) DEFAULT NULL,
  `tipe` varchar(10) NOT NULL,
  `keterangan` varchar(255) NOT NULL,
  `no_transaksi` varchar(20) NOT NULL,
  `tanggal` date NOT NULL,
  `user_id` tinyint(4) NOT NULL,
  `created_at` timestamp NOT NULL DEFAULT CURRENT_TIMESTAMP ON UPDATE CURRENT_TIMESTAMP,
  `updated_at` timestamp NOT NULL DEFAULT '0000-00-00 00:00:00'
) ENGINE=InnoDB DEFAULT CHARSET=utf8;

--
-- Dumping data for table `ta_history_barang`
--

INSERT INTO `ta_history_barang` (`id`, `barang_id`, `qty`, `stok`, `tipe`, `keterangan`, `no_transaksi`, `tanggal`, `user_id`, `created_at`, `updated_at`) VALUES
(1, 1, 100, 200, 'Masuk', 'Pembelian Barang', 'PB-00000001', '2020-02-25', 1, '2020-02-26 02:11:02', '2020-02-26 17:11:02'),
(2, 1, 1, 98, 'Keluar', 'Penjualan Barang', 'PJ-00000001', '2020-02-26', 1, '2020-02-26 13:44:58', '2020-02-27 04:44:58'),
(3, 4, 3, 7, 'Keluar', 'Penjualan Barang', 'PJ-00000002', '2020-02-27', 1, '2020-02-26 23:05:28', '2020-02-27 14:05:28'),
(4, 3, 1, 6, 'Keluar', 'Penjualan Barang', 'PJ-00000001', '2020-02-27', 1, '2020-02-27 01:54:54', '2020-02-27 16:54:54'),
(5, 2, 1, 99, 'Keluar', 'Penjualan Barang', 'PJ-00000002', '2020-02-26', 1, '2020-02-26 13:23:46', '2020-02-27 04:23:46'),
(6, 1, 1, 99, 'Keluar', 'Penjualan Barang', 'PJ-00000002', '2020-02-26', 1, '2020-02-26 13:23:46', '2020-02-27 04:23:46'),
(7, 1, 1, NULL, 'Keluar', 'Penjualan Barang', 'PJ-00000001', '2020-02-26', 1, '2020-02-27 04:44:58', '2020-02-27 04:44:58'),
(8, 2, 1, 98, 'Keluar', 'Penjualan Barang', 'PJ-00000001', '2020-02-26', 1, '2020-02-26 13:44:59', '2020-02-27 04:44:59'),
(9, 520, 1, 0, 'Keluar', 'Penjualan Barang', 'PJ-00000001', '2020-03-06', 1, '2020-03-06 08:30:55', '2020-03-06 23:30:55'),
(10, 32, 1, 49, 'Keluar', 'Penjualan Barang', 'PJ-00000002', '2020-03-06', 1, '2020-03-06 08:39:05', '2020-03-06 23:39:05'),
(11, 30, 1, 61, 'Keluar', 'Penjualan Barang', 'PJ-00000003', '2020-03-06', 1, '2020-03-06 08:46:55', '2020-03-06 23:46:55'),
(12, 451, 1, 19, 'Keluar', 'Penjualan Barang', 'PJ-00000004', '2020-03-06', 1, '2020-03-06 08:53:09', '2020-03-06 23:53:09'),
(13, 271, 1, 248, 'Keluar', 'Penjualan Barang', 'PJ-00000005', '2020-03-06', 1, '2020-03-06 09:04:00', '2020-03-07 00:04:00'),
(14, 12, 1, 42, 'Keluar', 'Penjualan Barang', 'PJ-00000006', '2020-03-06', 1, '2020-03-06 09:05:25', '2020-03-07 00:05:25'),
(15, 9, 1, 171, 'Keluar', 'Penjualan Barang', 'PJ-00000007', '2020-03-06', 1, '2020-03-06 09:06:35', '2020-03-07 00:06:35'),
(16, 6, 1, 154, 'Keluar', 'Penjualan Barang', 'PJ-00000008', '2020-03-06', 1, '2020-03-06 09:07:28', '2020-03-07 00:07:28'),
(17, 23, 1, 82, 'Keluar', 'Penjualan Barang', 'PJ-00000009', '2020-03-06', 1, '2020-03-06 09:22:30', '2020-03-07 00:22:30'),
(18, 22, 1, 15, 'Keluar', 'Penjualan Barang', 'PJ-00000010', '2020-03-06', 1, '2020-03-06 09:26:44', '2020-03-07 00:26:44'),
(19, 22, 1, 14, 'Keluar', 'Penjualan Barang', 'PJ-00000011', '2020-03-06', 1, '2020-03-06 09:27:36', '2020-03-07 00:27:36'),
(20, 21, 1, 61, 'Keluar', 'Penjualan Barang', 'PJ-00000012', '2020-03-06', 1, '2020-03-06 09:35:26', '2020-03-07 00:35:26'),
(21, 24, 1, 99, 'Keluar', 'Penjualan Barang', 'PJ-00000013', '2020-03-06', 1, '2020-03-06 09:42:14', '2020-03-07 00:42:14'),
(22, 24, 1, 98, 'Keluar', 'Penjualan Barang', 'PJ-00000014', '2020-03-06', 1, '2020-03-06 09:50:17', '2020-03-07 00:50:17'),
(23, 6, 1, 153, 'Keluar', 'Penjualan Barang', 'PJ-00000015', '2020-03-06', 1, '2020-03-06 09:58:11', '2020-03-07 00:58:11'),
(24, 464, 1, 7, 'Keluar', 'Penjualan Barang', 'PJ-00000016', '2020-03-06', 1, '2020-03-06 10:05:15', '2020-03-07 01:05:15'),
(25, 28, 1, 116, 'Keluar', 'Penjualan Barang', 'PJ-00000017', '2020-03-06', 1, '2020-03-06 10:07:32', '2020-03-07 01:07:32'),
(26, 21, 2, 59, 'Keluar', 'Penjualan Barang', 'PJ-00000018', '2020-03-06', 1, '2020-03-06 10:16:07', '2020-03-07 01:16:07'),
(27, 28, 1, 115, 'Keluar', 'Penjualan Barang', 'PJ-00000019', '2020-03-06', 1, '2020-03-06 10:20:49', '2020-03-07 01:20:49'),
(28, 23, 1, 81, 'Keluar', 'Penjualan Barang', 'PJ-00000020', '2020-03-06', 1, '2020-03-06 10:25:09', '2020-03-07 01:25:09'),
(29, 18, 1, 61, 'Keluar', 'Penjualan Barang', 'PJ-00000021', '2020-03-06', 1, '2020-03-06 10:28:17', '2020-03-07 01:28:17'),
(30, 54, 1, 10, 'Keluar', 'Penjualan Barang', 'PJ-00000022', '2020-03-06', 1, '2020-03-06 10:43:57', '2020-03-07 01:43:57'),
(31, 493, 1, 123, 'Keluar', 'Penjualan Barang', 'PJ-00000023', '2020-03-06', 1, '2020-03-06 10:45:15', '2020-03-07 01:45:15'),
(32, 23, 2, 79, 'Keluar', 'Penjualan Barang', 'PJ-00000024', '2020-03-06', 1, '2020-03-06 10:45:55', '2020-03-07 01:45:55'),
(33, 30, 1, 60, 'Keluar', 'Penjualan Barang', 'PJ-00000025', '2020-03-06', 1, '2020-03-06 10:46:18', '2020-03-07 01:46:18'),
(34, 2, 1, 227, 'Keluar', 'Penjualan Barang', 'PJ-00000026', '2020-03-06', 1, '2020-03-06 11:12:59', '2020-03-07 02:12:59'),
(35, 350, 1, 8, 'Keluar', 'Penjualan Barang', 'PJ-00000027', '2020-03-06', 1, '2020-03-06 11:15:26', '2020-03-07 02:15:26'),
(36, 404, 1, 11, 'Keluar', 'Penjualan Barang', 'PJ-00000027', '2020-03-06', 1, '2020-03-06 11:15:26', '2020-03-07 02:15:26'),
(37, 516, 1, 0, 'Keluar', 'Penjualan Barang', 'PJ-00000028', '2020-03-06', 1, '2020-03-06 11:16:38', '2020-03-07 02:16:38'),
(38, 505, 1, 284, 'Keluar', 'Penjualan Barang', 'PJ-00000029', '2020-03-06', 1, '2020-03-06 11:18:22', '2020-03-07 02:18:22'),
(39, 6, 2, 151, 'Keluar', 'Penjualan Barang', 'PJ-00000030', '2020-03-06', 1, '2020-03-06 11:22:44', '2020-03-07 02:22:44'),
(40, 33, 1, 49, 'Keluar', 'Penjualan Barang', 'PJ-00000031', '2020-03-06', 1, '2020-03-06 11:25:05', '2020-03-07 02:25:05'),
(41, 11, 2, 56, 'Keluar', 'Penjualan Barang', 'PJ-00000032', '2020-03-06', 1, '2020-03-06 12:09:07', '2020-03-07 03:09:07'),
(42, 30, 1, 59, 'Keluar', 'Penjualan Barang', 'PJ-00000033', '2020-03-06', 1, '2020-03-06 12:14:53', '2020-03-07 03:14:53'),
(43, 32, 1, 48, 'Keluar', 'Penjualan Barang', 'PJ-00000033', '2020-03-06', 1, '2020-03-06 12:14:53', '2020-03-07 03:14:53'),
(44, 32, 1, 47, 'Keluar', 'Penjualan Barang', 'PJ-00000034', '2020-03-06', 1, '2020-03-06 12:32:46', '2020-03-07 03:32:46'),
(45, 22, 1, 13, 'Keluar', 'Penjualan Barang', 'PJ-00000035', '2020-03-06', 1, '2020-03-06 12:33:55', '2020-03-07 03:33:55'),
(46, 526, 1, 13, 'Keluar', 'Penjualan Barang', 'PJ-00000036', '2020-03-06', 1, '2020-03-06 12:38:58', '2020-03-07 03:38:58'),
(47, 367, 1, 40, 'Keluar', 'Penjualan Barang', 'PJ-00000037', '2020-03-06', 1, '2020-03-06 12:40:38', '2020-03-07 03:40:38'),
(48, 6, 1, 150, 'Keluar', 'Penjualan Barang', 'PJ-00000038', '2020-03-06', 1, '2020-03-06 12:42:23', '2020-03-07 03:42:23'),
(49, 7, 2, 205, 'Keluar', 'Penjualan Barang', 'PJ-00000038', '2020-03-06', 1, '2020-03-06 12:42:23', '2020-03-07 03:42:23'),
(50, 107, 1, 32, 'Keluar', 'Penjualan Barang', 'PJ-00000039', '2020-03-06', 1, '2020-03-06 12:56:39', '2020-03-07 03:56:39'),
(51, 6, 1, 149, 'Keluar', 'Penjualan Barang', 'PJ-00000039', '2020-03-06', 1, '2020-03-06 12:56:39', '2020-03-07 03:56:39'),
(52, 406, 1, 7, 'Keluar', 'Penjualan Barang', 'PJ-00000039', '2020-03-06', 1, '2020-03-06 12:56:39', '2020-03-07 03:56:39'),
(53, 32, 1, 46, 'Keluar', 'Penjualan Barang', 'PJ-00000040', '2020-03-06', 1, '2020-03-06 12:59:28', '2020-03-07 03:59:28'),
(54, 271, 1, 247, 'Keluar', 'Penjualan Barang', 'PJ-00000041', '2020-03-06', 1, '2020-03-06 13:12:00', '2020-03-07 04:12:00'),
(55, 24, 1, 97, 'Keluar', 'Penjualan Barang', 'PJ-00000042', '2020-03-06', 1, '2020-03-06 13:17:41', '2020-03-07 04:17:41'),
(56, 517, 1, 0, 'Keluar', 'Penjualan Barang', 'PJ-00000043', '2020-03-06', 1, '2020-03-06 13:26:01', '2020-03-07 04:26:01'),
(57, 6, 1, 148, 'Keluar', 'Penjualan Barang', 'PJ-00000044', '2020-03-06', 1, '2020-03-06 13:26:38', '2020-03-07 04:26:38'),
(58, 530, 1, 12, 'Keluar', 'Penjualan Barang', 'PJ-00000045', '2020-03-06', 1, '2020-03-06 13:30:55', '2020-03-07 04:30:55'),
(59, 532, 1, 64, 'Keluar', 'Penjualan Barang', 'PJ-00000045', '2020-03-06', 1, '2020-03-06 13:30:56', '2020-03-07 04:30:56'),
(60, 9, 1, 170, 'Keluar', 'Penjualan Barang', 'PJ-00000046', '2020-03-06', 1, '2020-03-06 13:32:45', '2020-03-07 04:32:45'),
(61, 395, 1, 69, 'Keluar', 'Penjualan Barang', 'PJ-00000047', '2020-03-06', 1, '2020-03-06 13:37:50', '2020-03-07 04:37:50'),
(62, 32, 2, 44, 'Keluar', 'Penjualan Barang', 'PJ-00000048', '2020-03-06', 1, '2020-03-06 13:39:38', '2020-03-07 04:39:38'),
(63, 25, 1, 51, 'Keluar', 'Penjualan Barang', 'PJ-00000049', '2020-03-06', 1, '2020-03-06 13:39:56', '2020-03-07 04:39:56'),
(64, 155, 1, 29, 'Keluar', 'Penjualan Barang', 'PJ-00000050', '2020-03-06', 1, '2020-03-06 13:48:49', '2020-03-07 04:48:49'),
(65, 32, 1, 43, 'Keluar', 'Penjualan Barang', 'PJ-00000051', '2020-03-06', 1, '2020-03-06 13:49:48', '2020-03-07 04:49:48'),
(66, 18, 1, 60, 'Keluar', 'Penjualan Barang', 'PJ-00000052', '2020-03-06', 1, '2020-03-06 13:53:46', '2020-03-07 04:53:46'),
(67, 28, 1, 114, 'Keluar', 'Penjualan Barang', 'PJ-00000052', '2020-03-06', 1, '2020-03-06 13:53:46', '2020-03-07 04:53:46'),
(68, 29, 1, 26, 'Keluar', 'Penjualan Barang', 'PJ-00000053', '2020-03-06', 1, '2020-03-06 14:13:10', '2020-03-07 05:13:10'),
(69, 4, 1, 1, 'Keluar', 'Penjualan Barang', 'PJ-00000053', '2020-03-06', 1, '2020-03-06 14:13:10', '2020-03-07 05:13:10'),
(70, 33, 1, 48, 'Keluar', 'Penjualan Barang', 'PJ-00000054', '2020-03-06', 1, '2020-03-06 14:13:46', '2020-03-07 05:13:46'),
(71, 26, 1, 101, 'Keluar', 'Penjualan Barang', 'PJ-00000054', '2020-03-06', 1, '2020-03-06 14:13:46', '2020-03-07 05:13:46'),
(72, 198, 1, 26, 'Keluar', 'Penjualan Barang', 'PJ-00000055', '2020-03-06', 1, '2020-03-06 14:26:23', '2020-03-07 05:26:23'),
(73, 398, 1, 64, 'Keluar', 'Penjualan Barang', 'PJ-00000055', '2020-03-06', 1, '2020-03-06 14:26:24', '2020-03-07 05:26:24'),
(74, 267, 1, 37, 'Keluar', 'Penjualan Barang', 'PJ-00000055', '2020-03-06', 1, '2020-03-06 14:26:24', '2020-03-07 05:26:24'),
(75, 267, 1, NULL, 'Keluar', 'Penjualan Barang', 'PJ-00000055', '2020-03-06', 1, '2020-03-07 05:26:24', '2020-03-07 05:26:24'),
(76, 4, 1, 0, 'Keluar', 'Penjualan Barang', 'PJ-00000055', '2020-03-06', 1, '2020-03-06 14:26:24', '2020-03-07 05:26:24'),
(77, 32, 2, 41, 'Keluar', 'Penjualan Barang', 'PJ-00000056', '2020-03-06', 1, '2020-03-06 14:31:25', '2020-03-07 05:31:25'),
(78, 13, 1, 141, 'Keluar', 'Penjualan Barang', 'PJ-00000057', '2020-03-06', 1, '2020-03-06 14:39:55', '2020-03-07 05:39:55'),
(79, 11, 1, 55, 'Keluar', 'Penjualan Barang', 'PJ-00000057', '2020-03-06', 1, '2020-03-06 14:39:56', '2020-03-07 05:39:56'),
(80, 6, 1, 147, 'Keluar', 'Penjualan Barang', 'PJ-00000057', '2020-03-06', 1, '2020-03-06 14:39:56', '2020-03-07 05:39:56'),
(81, 506, 1, 29, 'Keluar', 'Penjualan Barang', 'PJ-00000058', '2020-03-06', 1, '2020-03-06 14:41:25', '2020-03-07 05:41:25'),
(82, 532, 1, 63, 'Keluar', 'Penjualan Barang', 'PJ-00000059', '2020-03-06', 1, '2020-03-06 14:42:39', '2020-03-07 05:42:39'),
(83, 144, 1, 49, 'Keluar', 'Penjualan Barang', 'PJ-00000060', '2020-03-06', 1, '2020-03-06 14:46:14', '2020-03-07 05:46:14'),
(84, 30, 1, 58, 'Keluar', 'Penjualan Barang', 'PJ-00000061', '2020-03-06', 1, '2020-03-06 14:59:30', '2020-03-07 05:59:30'),
(85, 166, 1, 64, 'Keluar', 'Penjualan Barang', 'PJ-00000062', '2020-03-07', 1, '2020-03-07 05:41:58', '2020-03-07 05:41:58'),
(86, 396, 1, 245, 'Keluar', 'Penjualan Barang', 'PJ-00000062', '2020-03-07', 1, '2020-03-07 05:41:58', '2020-03-07 05:41:58'),
(87, 532, 1, 62, 'Keluar', 'Penjualan Barang', 'PJ-00000062', '2020-03-07', 1, '2020-03-07 05:41:58', '2020-03-07 05:41:58'),
(88, 29, 1, 15, 'Keluar', 'Penjualan Barang', 'PJ-00000063', '2020-03-07', 1, '2020-03-07 05:42:35', '2020-03-07 05:42:35'),
(89, 24, 2, 88, 'Keluar', 'Penjualan Barang', 'PJ-00000064', '2020-03-07', 1, '2020-03-07 06:04:20', '2020-03-07 06:04:20'),
(90, 23, 2, 63, 'Keluar', 'Penjualan Barang', 'PJ-00000064', '2020-03-07', 1, '2020-03-07 06:04:20', '2020-03-07 06:04:20'),
(91, 491, 1, 186, 'Keluar', 'Penjualan Barang', 'PJ-00000064', '2020-03-07', 1, '2020-03-07 06:04:21', '2020-03-07 06:04:21'),
(92, 436, 1, 4, 'Keluar', 'Penjualan Barang', 'PJ-00000065', '2020-03-07', 1, '2020-03-07 06:10:35', '2020-03-07 06:10:35'),
(93, 400, 1, 45, 'Keluar', 'Penjualan Barang', 'PJ-00000066', '2020-03-07', 1, '2020-03-07 06:15:42', '2020-03-07 06:15:42'),
(94, 484, 1, 1, 'Keluar', 'Penjualan Barang', 'PJ-00000067', '2020-03-07', 1, '2020-03-07 06:19:52', '2020-03-07 06:19:52'),
(95, 9, 1, 100, 'Keluar', 'Penjualan Barang', 'PJ-00000068', '2020-03-07', 1, '2020-03-07 06:33:23', '2020-03-07 06:33:23'),
(96, 511, 1, 0, 'Keluar', 'Penjualan Barang', 'PJ-00000069', '2020-03-07', 1, '2020-03-07 06:35:47', '2020-03-07 06:35:47');

-- --------------------------------------------------------

--
-- Table structure for table `ta_jasa`
--

CREATE TABLE `ta_jasa` (
  `id` int(10) UNSIGNED NOT NULL,
  `nama` varchar(50) COLLATE utf8mb4_unicode_ci NOT NULL,
  `no_hp` varchar(12) COLLATE utf8mb4_unicode_ci NOT NULL,
  `teknisi` varchar(50) COLLATE utf8mb4_unicode_ci NOT NULL,
  `ket` text COLLATE utf8mb4_unicode_ci NOT NULL,
  `harga` int(11) NOT NULL,
  `user_id` smallint(4) NOT NULL,
  `created_at` timestamp NULL DEFAULT NULL,
  `updated_at` timestamp NULL DEFAULT NULL
) ENGINE=InnoDB DEFAULT CHARSET=utf8mb4 COLLATE=utf8mb4_unicode_ci;

--
-- Dumping data for table `ta_jasa`
--

INSERT INTO `ta_jasa` (`id`, `nama`, `no_hp`, `teknisi`, `ket`, `harga`, `user_id`, `created_at`, `updated_at`) VALUES
(1, 'amin', '082167307017', 'ariel', 'lcd', 300000, 2, '2020-02-27 04:19:18', '2020-02-27 04:19:18');

-- --------------------------------------------------------

--
-- Table structure for table `ta_pembelian`
--

CREATE TABLE `ta_pembelian` (
  `no_pembelian` varchar(20) COLLATE utf8mb4_unicode_ci NOT NULL,
  `distributor_id` tinyint(4) NOT NULL,
  `grand_total` double NOT NULL,
  `tanggal` date DEFAULT NULL,
  `user_id` tinyint(4) NOT NULL,
  `created_at` timestamp NULL DEFAULT NULL,
  `updated_at` timestamp NULL DEFAULT NULL
) ENGINE=InnoDB DEFAULT CHARSET=utf8mb4 COLLATE=utf8mb4_unicode_ci;

--
-- Dumping data for table `ta_pembelian`
--

INSERT INTO `ta_pembelian` (`no_pembelian`, `distributor_id`, `grand_total`, `tanggal`, `user_id`, `created_at`, `updated_at`) VALUES
('PB-00000001', 1, 1500000, '2020-02-25', 1, '2020-02-26 17:11:02', '2020-02-26 17:11:02');

-- --------------------------------------------------------

--
-- Table structure for table `ta_penjualan`
--

CREATE TABLE `ta_penjualan` (
  `id` int(10) UNSIGNED NOT NULL,
  `no_penjualan` varchar(20) COLLATE utf8mb4_unicode_ci NOT NULL,
  `pelanggan_id` tinyint(4) NOT NULL,
  `grand_total` double NOT NULL,
  `tgl_penjualan` date DEFAULT NULL,
  `tgl_jatuh_tempo` date DEFAULT NULL,
  `status_pembayaran` tinyint(1) DEFAULT NULL,
  `user_id` tinyint(4) DEFAULT NULL,
  `created_at` timestamp NULL DEFAULT NULL,
  `updated_at` timestamp NULL DEFAULT NULL
) ENGINE=InnoDB DEFAULT CHARSET=utf8mb4 COLLATE=utf8mb4_unicode_ci;

--
-- Dumping data for table `ta_penjualan`
--

INSERT INTO `ta_penjualan` (`id`, `no_penjualan`, `pelanggan_id`, `grand_total`, `tgl_penjualan`, `tgl_jatuh_tempo`, `status_pembayaran`, `user_id`, `created_at`, `updated_at`) VALUES
(1, 'PJ-00000001', 0, 800000, NULL, NULL, 0, 1, '2020-03-06 23:30:55', '2020-03-06 23:30:55'),
(2, 'PJ-00000002', 0, 75000, NULL, NULL, 0, 13, '2020-03-05 23:39:05', '2020-03-06 23:39:05'),
(3, 'PJ-00000003', 0, 35000, NULL, NULL, 0, 13, '2020-03-05 23:46:55', '2020-03-06 23:46:55'),
(4, 'PJ-00000004', 0, 15000, NULL, NULL, 0, 13, '2020-03-05 23:53:08', '2020-03-06 23:53:08'),
(5, 'PJ-00000005', 0, 15000, NULL, NULL, 0, 13, '2020-03-06 00:04:00', '2020-03-07 00:04:00'),
(6, 'PJ-00000006', 0, 35000, NULL, NULL, 0, 13, '2020-03-06 00:05:25', '2020-03-07 00:05:25'),
(7, 'PJ-00000007', 0, 10000, NULL, NULL, 0, 13, '2020-03-06 00:06:34', '2020-03-07 00:06:34'),
(8, 'PJ-00000008', 0, 30000, NULL, NULL, 0, 13, '2020-03-06 00:07:27', '2020-03-07 00:07:27'),
(9, 'PJ-00000009', 0, 20000, NULL, NULL, 0, 13, '2020-03-06 00:22:30', '2020-03-07 00:22:30'),
(10, 'PJ-00000010', 0, 17000, NULL, NULL, 0, 13, '2020-03-06 00:26:43', '2020-03-07 00:26:43'),
(11, 'PJ-00000011', 0, 17000, NULL, NULL, 0, 13, '2020-03-06 00:27:35', '2020-03-07 00:27:35'),
(12, 'PJ-00000012', 0, 12000, NULL, NULL, 0, 13, '2020-03-06 00:35:26', '2020-03-07 00:35:26'),
(13, 'PJ-00000013', 0, 17000, NULL, NULL, 0, 13, '2020-03-06 00:42:14', '2020-03-07 00:42:14'),
(14, 'PJ-00000014', 0, 17000, NULL, NULL, 0, 13, '2020-03-06 00:50:17', '2020-03-07 00:50:17'),
(15, 'PJ-00000015', 0, 30000, NULL, NULL, 0, 13, '2020-03-06 00:58:10', '2020-03-07 00:58:10'),
(16, 'PJ-00000016', 0, 30000, NULL, NULL, 0, 13, '2020-03-06 01:05:15', '2020-03-07 01:05:15'),
(17, 'PJ-00000017', 0, 75000, NULL, NULL, 0, 13, '2020-03-06 01:07:32', '2020-03-07 01:07:32'),
(18, 'PJ-00000018', 0, 24000, NULL, NULL, 0, 13, '2020-03-06 01:16:07', '2020-03-07 01:16:07'),
(19, 'PJ-00000019', 0, 75000, NULL, NULL, 0, 13, '2020-03-06 01:20:49', '2020-03-07 01:20:49'),
(20, 'PJ-00000020', 0, 20000, NULL, NULL, 0, 13, '2020-03-06 01:25:09', '2020-03-07 01:25:09'),
(21, 'PJ-00000021', 0, 45000, NULL, NULL, 0, 13, '2020-03-06 01:28:17', '2020-03-07 01:28:17'),
(22, 'PJ-00000022', 0, 1430000, NULL, NULL, 0, 13, '2020-03-06 01:43:57', '2020-03-07 01:43:57'),
(23, 'PJ-00000023', 0, 15000, NULL, NULL, 0, 13, '2020-03-06 01:45:15', '2020-03-07 01:45:15'),
(24, 'PJ-00000024', 0, 40000, NULL, NULL, 0, 13, '2020-03-06 01:45:55', '2020-03-07 01:45:55'),
(25, 'PJ-00000025', 0, 35000, NULL, NULL, 0, 13, '2020-03-06 01:46:18', '2020-03-07 01:46:18'),
(26, 'PJ-00000026', 0, 25000, NULL, NULL, 0, 13, '2020-03-06 02:12:59', '2020-03-07 02:12:59'),
(27, 'PJ-00000027', 0, 45000, NULL, NULL, 0, 13, '2020-03-06 02:15:26', '2020-03-07 02:15:26'),
(28, 'PJ-00000028', 0, 1150000, NULL, NULL, 0, 13, '2020-03-06 02:16:38', '2020-03-07 02:16:38'),
(29, 'PJ-00000029', 0, 5000, NULL, NULL, 0, 13, '2020-03-06 02:18:22', '2020-03-07 02:18:22'),
(30, 'PJ-00000030', 0, 60000, NULL, NULL, 0, 13, '2020-03-06 02:22:44', '2020-03-07 02:22:44'),
(31, 'PJ-00000031', 0, 55000, NULL, NULL, 0, 13, '2020-03-06 02:25:05', '2020-03-07 02:25:05'),
(32, 'PJ-00000032', 0, 48000, NULL, NULL, 0, 13, '2020-03-06 03:09:07', '2020-03-07 03:09:07'),
(33, 'PJ-00000033', 0, 110000, NULL, NULL, 0, 13, '2020-03-06 03:14:52', '2020-03-07 03:14:52'),
(34, 'PJ-00000034', 0, 75000, NULL, NULL, 0, 13, '2020-03-06 03:32:46', '2020-03-07 03:32:46'),
(35, 'PJ-00000035', 0, 17000, NULL, NULL, 0, 13, '2020-03-06 03:33:55', '2020-03-07 03:33:55'),
(36, 'PJ-00000036', 0, 4000, NULL, NULL, 0, 13, '2020-03-06 03:38:58', '2020-03-07 03:38:58'),
(37, 'PJ-00000037', 0, 25000, NULL, NULL, 0, 13, '2020-03-06 03:40:38', '2020-03-07 03:40:38'),
(38, 'PJ-00000038', 0, 120000, NULL, NULL, 0, 13, '2020-03-06 03:42:23', '2020-03-07 03:42:23'),
(39, 'PJ-00000039', 0, 80000, NULL, NULL, 0, 13, '2020-03-06 03:56:39', '2020-03-07 03:56:39'),
(40, 'PJ-00000040', 0, 75000, NULL, NULL, 0, 13, '2020-03-06 03:59:27', '2020-03-07 03:59:27'),
(41, 'PJ-00000041', 0, 15000, NULL, NULL, 0, 13, '2020-03-06 04:12:00', '2020-03-07 04:12:00'),
(42, 'PJ-00000042', 0, 17000, NULL, NULL, 0, 13, '2020-03-06 04:17:41', '2020-03-07 04:17:41'),
(43, 'PJ-00000043', 0, 1300000, NULL, NULL, 0, 13, '2020-03-06 04:26:01', '2020-03-07 04:26:01'),
(44, 'PJ-00000044', 0, 30000, NULL, NULL, 0, 13, '2020-03-06 04:26:37', '2020-03-07 04:26:37'),
(45, 'PJ-00000045', 0, 8000, NULL, NULL, 0, 13, '2020-03-06 04:30:55', '2020-03-07 04:30:55'),
(46, 'PJ-00000046', 0, 10000, NULL, NULL, 0, 13, '2020-03-06 04:32:45', '2020-03-07 04:32:45'),
(47, 'PJ-00000047', 0, 15000, NULL, NULL, 0, 13, '2020-03-06 04:37:50', '2020-03-07 04:37:50'),
(48, 'PJ-00000048', 0, 150000, NULL, NULL, 0, 13, '2020-03-06 04:39:38', '2020-03-07 04:39:38'),
(49, 'PJ-00000049', 0, 35000, NULL, NULL, 0, 13, '2020-03-06 04:39:56', '2020-03-07 04:39:56'),
(50, 'PJ-00000050', 0, 50000, NULL, NULL, 0, 13, '2020-03-06 04:48:49', '2020-03-07 04:48:49'),
(51, 'PJ-00000051', 0, 75000, NULL, NULL, 0, 13, '2020-03-06 04:49:47', '2020-03-07 04:49:47'),
(52, 'PJ-00000052', 0, 120000, NULL, NULL, 0, 13, '2020-03-06 04:53:46', '2020-03-07 04:53:46'),
(53, 'PJ-00000053', 0, 1515000, NULL, NULL, 0, 13, '2020-03-06 05:13:10', '2020-03-07 05:13:10'),
(54, 'PJ-00000054', 0, 100000, NULL, NULL, 0, 13, '2020-03-06 05:13:46', '2020-03-07 05:13:46'),
(55, 'PJ-00000055', 0, 1930000, NULL, NULL, 0, 1, '2020-03-07 05:26:23', '2020-03-07 05:26:23'),
(56, 'PJ-00000056', 0, 150000, NULL, NULL, 0, 1, '2020-03-07 05:31:25', '2020-03-07 05:31:25'),
(57, 'PJ-00000057', 0, 69000, NULL, NULL, 0, 1, '2020-03-07 05:39:55', '2020-03-07 05:39:55'),
(58, 'PJ-00000058', 0, 40000, NULL, NULL, 0, 1, '2020-03-07 05:41:25', '2020-03-07 05:41:25'),
(59, 'PJ-00000059', 0, 3000, NULL, NULL, 0, 1, '2020-03-07 05:42:39', '2020-03-07 05:42:39'),
(60, 'PJ-00000060', 0, 99000, NULL, NULL, 0, 1, '2020-03-07 05:46:13', '2020-03-07 05:46:13'),
(61, 'PJ-00000061', 0, 35000, NULL, NULL, 0, 1, '2020-03-07 05:59:30', '2020-03-07 05:59:30'),
(62, 'PJ-00000062', 0, 56000, NULL, NULL, 0, 2, '2020-03-07 05:41:58', '2020-03-07 05:41:58'),
(63, 'PJ-00000063', 0, 15000, NULL, NULL, 0, 2, '2020-03-07 05:42:34', '2020-03-07 05:42:34'),
(64, 'PJ-00000064', 0, 94000, NULL, NULL, 0, 2, '2020-03-07 06:04:20', '2020-03-07 06:04:20'),
(65, 'PJ-00000065', 0, 15000, NULL, NULL, 0, 2, '2020-03-07 06:10:34', '2020-03-07 06:10:34'),
(66, 'PJ-00000066', 0, 10000, NULL, NULL, 0, 2, '2020-03-07 06:15:42', '2020-03-07 06:15:42'),
(67, 'PJ-00000067', 0, 20000, NULL, NULL, 0, 2, '2020-03-07 06:19:52', '2020-03-07 06:19:52'),
(68, 'PJ-00000068', 0, 10000, NULL, NULL, 0, 2, '2020-03-07 06:33:23', '2020-03-07 06:33:23'),
(69, 'PJ-00000069', 0, 1150000, NULL, NULL, 0, 2, '2020-03-07 06:35:47', '2020-03-07 06:35:47');

-- --------------------------------------------------------

--
-- Table structure for table `ta_pulsa`
--

CREATE TABLE `ta_pulsa` (
  `id` int(10) UNSIGNED NOT NULL,
  `kategori` varchar(20) COLLATE utf8mb4_unicode_ci NOT NULL,
  `operator` varchar(20) COLLATE utf8mb4_unicode_ci NOT NULL,
  `nominal` int(11) NOT NULL,
  `no_hp` varchar(20) COLLATE utf8mb4_unicode_ci NOT NULL,
  `harga` int(11) NOT NULL,
  `user_id` smallint(4) NOT NULL,
  `created_at` timestamp NULL DEFAULT NULL,
  `updated_at` timestamp NULL DEFAULT NULL
) ENGINE=InnoDB DEFAULT CHARSET=utf8mb4 COLLATE=utf8mb4_unicode_ci;

-- --------------------------------------------------------

--
-- Table structure for table `users`
--

CREATE TABLE `users` (
  `id` int(10) UNSIGNED NOT NULL,
  `name` varchar(255) COLLATE utf8mb4_unicode_ci NOT NULL,
  `username` varchar(50) COLLATE utf8mb4_unicode_ci NOT NULL,
  `email` varchar(255) COLLATE utf8mb4_unicode_ci NOT NULL,
  `password` varchar(255) COLLATE utf8mb4_unicode_ci NOT NULL,
  `role` varchar(20) COLLATE utf8mb4_unicode_ci NOT NULL,
  `remember_token` varchar(100) COLLATE utf8mb4_unicode_ci DEFAULT NULL,
  `created_at` timestamp NULL DEFAULT NULL,
  `updated_at` timestamp NULL DEFAULT NULL
) ENGINE=InnoDB DEFAULT CHARSET=utf8mb4 COLLATE=utf8mb4_unicode_ci;

--
-- Dumping data for table `users`
--

INSERT INTO `users` (`id`, `name`, `username`, `email`, `password`, `role`, `remember_token`, `created_at`, `updated_at`) VALUES
(1, 'Admin', 'admin', 'admin@gmail.com', '$2y$10$xrP7Oy9/tSeVytiGqtrD9ObhT5NYCxsm3lZ57anmuAwKgy6D9v0Hy', 'admin', 'yBMjtlg01bkPuFYEw7ezOim3pQEoecudFZEjDwBfo8fVo9txkqoezL67gcbO', '2020-02-17 13:55:07', '2020-02-17 13:55:07'),
(2, 'Nita', 'Nita', 'Nita@gmail.com', '$2y$10$OkuswkUCetG7yWpUfobZxei8vRDYrd4fs764bBz2bXTs6DxShOlHC', 'kasir', 'ZV6mkr2ty9bJf0ye0gWQwFLP4h2uWDGKMVN3e46IJngBo1jTRhezV8L3Dq1G', '2020-02-14 15:27:37', '2020-03-06 22:00:12'),
(13, 'Putri', 'putri', 'putri@gmail.com', '$2y$10$hw5dI88ugd3Ns4LdCV7.RuZ0mfRXFKYhBVMD3UR6yM8WUGANdJtmK', 'kasir', '0FYq2E7P7w2JEufqKQh7mIV5RrIiHgc5EHrMkUqaP0OMGZSst4frHWJAFmTL', '2020-02-26 17:18:29', '2020-02-26 17:18:29'),
(14, 'Dinda', 'Dinda', 'Dinda@gmail.com', '$2y$10$f769TYI8PYBD0WGLNN5QfOgAid3QdcUje7mkTr.gQTIiP6mk08aCu', 'kasir', NULL, '2020-02-27 23:10:27', '2020-02-27 23:10:27'),
(15, 'Ninda', 'Ninda', 'Ninda@gmail.com', '$2y$10$QnFYfot.7qtw3XbltMS8ruNJ8SyPkvFKKRS1HHiB7zt.Z0HnZsYKe', 'kasir', NULL, '2020-02-27 23:11:09', '2020-02-27 23:11:09');

--
-- Indexes for dumped tables
--

--
-- Indexes for table `migrations`
--
ALTER TABLE `migrations`
  ADD PRIMARY KEY (`id`);

--
-- Indexes for table `ref_barang`
--
ALTER TABLE `ref_barang`
  ADD PRIMARY KEY (`id`);

--
-- Indexes for table `ref_distributor`
--
ALTER TABLE `ref_distributor`
  ADD PRIMARY KEY (`id`);

--
-- Indexes for table `ref_kategori`
--
ALTER TABLE `ref_kategori`
  ADD PRIMARY KEY (`id`);

--
-- Indexes for table `ref_operator_pulsa`
--
ALTER TABLE `ref_operator_pulsa`
  ADD PRIMARY KEY (`id`);

--
-- Indexes for table `ref_pelanggan`
--
ALTER TABLE `ref_pelanggan`
  ADD PRIMARY KEY (`id`);

--
-- Indexes for table `ta_detail_pembelian`
--
ALTER TABLE `ta_detail_pembelian`
  ADD PRIMARY KEY (`id`);

--
-- Indexes for table `ta_detail_penjualan`
--
ALTER TABLE `ta_detail_penjualan`
  ADD PRIMARY KEY (`id`);

--
-- Indexes for table `ta_history_barang`
--
ALTER TABLE `ta_history_barang`
  ADD PRIMARY KEY (`id`);

--
-- Indexes for table `ta_jasa`
--
ALTER TABLE `ta_jasa`
  ADD PRIMARY KEY (`id`);

--
-- Indexes for table `ta_pembelian`
--
ALTER TABLE `ta_pembelian`
  ADD PRIMARY KEY (`no_pembelian`);

--
-- Indexes for table `ta_penjualan`
--
ALTER TABLE `ta_penjualan`
  ADD PRIMARY KEY (`id`);

--
-- Indexes for table `ta_pulsa`
--
ALTER TABLE `ta_pulsa`
  ADD PRIMARY KEY (`id`);

--
-- Indexes for table `users`
--
ALTER TABLE `users`
  ADD PRIMARY KEY (`id`);

--
-- AUTO_INCREMENT for dumped tables
--

--
-- AUTO_INCREMENT for table `migrations`
--
ALTER TABLE `migrations`
  MODIFY `id` int(10) UNSIGNED NOT NULL AUTO_INCREMENT;

--
-- AUTO_INCREMENT for table `ref_barang`
--
ALTER TABLE `ref_barang`
  MODIFY `id` int(10) NOT NULL AUTO_INCREMENT, AUTO_INCREMENT=537;

--
-- AUTO_INCREMENT for table `ref_distributor`
--
ALTER TABLE `ref_distributor`
  MODIFY `id` tinyint(4) NOT NULL AUTO_INCREMENT, AUTO_INCREMENT=2;

--
-- AUTO_INCREMENT for table `ref_kategori`
--
ALTER TABLE `ref_kategori`
  MODIFY `id` smallint(4) NOT NULL AUTO_INCREMENT, AUTO_INCREMENT=37;

--
-- AUTO_INCREMENT for table `ref_operator_pulsa`
--
ALTER TABLE `ref_operator_pulsa`
  MODIFY `id` int(10) UNSIGNED NOT NULL AUTO_INCREMENT;

--
-- AUTO_INCREMENT for table `ref_pelanggan`
--
ALTER TABLE `ref_pelanggan`
  MODIFY `id` tinyint(4) NOT NULL AUTO_INCREMENT;

--
-- AUTO_INCREMENT for table `ta_detail_pembelian`
--
ALTER TABLE `ta_detail_pembelian`
  MODIFY `id` int(10) NOT NULL AUTO_INCREMENT, AUTO_INCREMENT=2;

--
-- AUTO_INCREMENT for table `ta_detail_penjualan`
--
ALTER TABLE `ta_detail_penjualan`
  MODIFY `id` int(10) NOT NULL AUTO_INCREMENT, AUTO_INCREMENT=89;

--
-- AUTO_INCREMENT for table `ta_history_barang`
--
ALTER TABLE `ta_history_barang`
  MODIFY `id` int(11) NOT NULL AUTO_INCREMENT, AUTO_INCREMENT=97;

--
-- AUTO_INCREMENT for table `ta_jasa`
--
ALTER TABLE `ta_jasa`
  MODIFY `id` int(10) UNSIGNED NOT NULL AUTO_INCREMENT, AUTO_INCREMENT=2;

--
-- AUTO_INCREMENT for table `ta_penjualan`
--
ALTER TABLE `ta_penjualan`
  MODIFY `id` int(10) UNSIGNED NOT NULL AUTO_INCREMENT, AUTO_INCREMENT=70;

--
-- AUTO_INCREMENT for table `ta_pulsa`
--
ALTER TABLE `ta_pulsa`
  MODIFY `id` int(10) UNSIGNED NOT NULL AUTO_INCREMENT;

--
-- AUTO_INCREMENT for table `users`
--
ALTER TABLE `users`
  MODIFY `id` int(10) UNSIGNED NOT NULL AUTO_INCREMENT, AUTO_INCREMENT=16;
COMMIT;

/*!40101 SET CHARACTER_SET_CLIENT=@OLD_CHARACTER_SET_CLIENT */;
/*!40101 SET CHARACTER_SET_RESULTS=@OLD_CHARACTER_SET_RESULTS */;
/*!40101 SET COLLATION_CONNECTION=@OLD_COLLATION_CONNECTION */;
